"Date","Price","Open","High","Low","Vol.","Change %"
"22-05-2026","652.80","638.15","660.00","635.15","5.88M","2.30%"
"21-05-2026","638.10","616.00","654.70","614.30","11.45M","4.50%"
"20-05-2026","610.60","617.95","617.95","601.10","2.63M","-2.04%"
"19-05-2026","623.30","623.35","636.40","614.40","3.83M","2.16%"
"18-05-2026","610.10","611.00","615.90","596.15","1.52M","-1.00%"
"15-05-2026","616.25","645.00","657.75","606.30","5.97M","0.60%"
"14-05-2026","612.60","608.00","618.50","602.00","1.68M","1.01%"
"13-05-2026","606.50","594.95","617.00","590.00","1.62M","2.57%"
"12-05-2026","591.30","619.95","623.75","588.10","1.42M","-4.71%"
"11-05-2026","620.50","629.80","629.80","615.70","1.26M","-1.98%"
"08-05-2026","633.05","643.95","648.95","629.30","1.24M","-1.74%"
"07-05-2026","644.25","655.00","657.00","640.50","1.52M","-1.04%"
"06-05-2026","651.00","652.00","658.00","641.00","1.81M","0.59%"
"05-05-2026","647.20","644.85","653.60","636.65","2.18M","0.63%"
"04-05-2026","643.15","641.95","665.80","638.10","3.92M","1.33%"
"30-04-2026","634.70","657.90","659.85","625.80","3.27M","-3.39%"
"29-04-2026","656.95","658.00","679.95","650.00","5.06M","0.47%"
"28-04-2026","653.85","639.00","684.90","636.85","15.86M","2.87%"
"27-04-2026","635.60","632.00","649.00","626.00","3.23M","1.40%"
"24-04-2026","626.85","625.00","629.70","604.40","2.59M","0.83%"
"23-04-2026","621.70","629.00","638.00","620.10","2.32M","-1.18%"
"22-04-2026","629.10","615.75","633.55","614.00","2.99M","2.35%"
"21-04-2026","614.65","621.00","631.70","612.50","1.84M","-0.92%"
"20-04-2026","620.35","634.35","640.50","611.05","3.75M","-1.98%"
"17-04-2026","632.90","610.00","649.50","602.10","8.87M","5.91%"
"16-04-2026","597.60","589.90","603.00","582.50","3.80M","1.96%"
"15-04-2026","586.10","585.00","590.95","573.05","2.47M","2.39%"
"13-04-2026","572.40","551.05","593.45","551.05","4.87M","-1.49%"
"10-04-2026","581.05","552.95","585.60","551.40","7.68M","5.66%"
"09-04-2026","549.90","554.00","554.65","544.25","1.97M","-1.63%"
"08-04-2026","559.00","522.55","589.00","522.55","15.29M","7.59%"
"07-04-2026","519.55","521.00","527.70","516.15","994.82K","-0.75%"
"06-04-2026","523.45","520.05","526.00","512.80","1.71M","0.65%"
"02-04-2026","520.05","515.00","522.55","509.15","1.38M","-0.16%"
"01-04-2026","520.90","530.00","530.00","513.30","1.85M","2.15%"
"30-03-2026","509.95","527.10","537.65","502.45","3.24M","-3.62%"
"27-03-2026","529.10","521.95","553.50","511.50","11.38M","1.59%"
"25-03-2026","520.80","529.00","531.40","518.05","2.04M","-0.21%"
"24-03-2026","521.90","532.00","534.70","508.65","3.67M","1.62%"
"23-03-2026","513.60","547.50","547.50","510.10","3.90M","-6.94%"
"20-03-2026","551.90","576.15","592.30","545.00","13.35M","-0.76%"
"19-03-2026","556.15","535.65","580.00","517.70","50.30M","7.85%"
"18-03-2026","515.65","520.00","520.40","508.05","2.89M","-0.23%"
"17-03-2026","516.85","525.70","533.70","490.00","8.61M","-1.00%"
"16-03-2026","522.05","588.95","604.30","514.10","18.28M","-7.75%"
"13-03-2026","565.90","624.00","644.85","554.00","31.84M","-6.86%"
"12-03-2026","607.60","594.00","651.00","589.90","48.59M","7.18%"
"11-03-2026","566.90","479.00","566.90","474.90","18.96M","19.99%"
"10-03-2026","472.45","468.95","478.00","463.45","793.30K","0.97%"
"09-03-2026","467.90","481.00","481.00","462.80","476.13K","-3.06%"
"06-03-2026","482.65","485.00","492.00","481.20","363.83K","-0.17%"
"05-03-2026","483.45","481.50","486.50","478.00","459.71K","0.55%"
"04-03-2026","480.80","487.90","487.90","477.00","533.47K","-2.44%"
"02-03-2026","492.85","489.85","500.00","483.00","754.60K","-3.74%"
"27-02-2026","512.00","516.10","517.60","510.05","208.80K","-0.79%"
"26-02-2026","516.10","517.50","519.90","514.00","174.55K","0.18%"
"25-02-2026","515.15","523.65","523.65","513.05","276.40K","-0.58%"
"24-02-2026","518.15","523.00","523.70","515.15","275.65K","-1.42%"
"23-02-2026","525.60","522.00","528.10","521.55","279.10K","1.23%"
"20-02-2026","519.20","522.40","524.45","518.00","317.39K","-0.54%"
"19-02-2026","522.00","531.00","534.20","520.00","231.92K","-1.69%"
"18-02-2026","531.00","533.00","538.20","528.85","282.16K","-0.53%"
"17-02-2026","533.85","529.50","536.00","525.00","277.89K","0.91%"
"16-02-2026","529.05","521.00","533.00","515.10","370.26K","1.76%"
"13-02-2026","519.90","533.00","533.50","518.05","473.48K","-2.99%"
"12-02-2026","535.95","542.00","544.35","533.00","241.21K","-1.16%"
"11-02-2026","542.25","543.20","545.00","539.20","229.07K","-0.17%"
"10-02-2026","543.20","548.20","549.00","539.55","380.04K","-0.43%"
"09-02-2026","545.55","552.80","564.80","544.00","542.45K","0.38%"
"06-02-2026","543.50","545.00","552.25","540.25","360.15K","-0.35%"
"05-02-2026","545.40","549.65","553.15","543.00","303.89K","-0.64%"
"04-02-2026","548.90","535.05","553.15","535.05","818.59K","1.21%"
"03-02-2026","542.35","550.00","558.00","537.00","1.65M","4.49%"
"02-02-2026","519.05","522.65","525.90","511.00","500.25K","0.22%"
"01-02-2026","517.90","529.80","530.45","514.50","368.29K","-1.72%"
"30-01-2026","526.95","527.10","531.25","520.60","355.05K","-0.03%"
"29-01-2026","527.10","529.85","536.15","522.00","680.54K","-0.52%"
"28-01-2026","529.85","527.00","534.95","519.60","510.04K","0.87%"
"27-01-2026","525.30","528.05","536.70","513.05","1.41M","1.52%"
"23-01-2026","517.45","550.65","550.65","507.05","2.18M","-5.57%"
"22-01-2026","548.00","532.95","555.00","532.95","647.55K","3.76%"
"21-01-2026","528.15","534.95","537.80","522.80","650.51K","-0.78%"
"20-01-2026","532.30","544.70","548.75","530.00","467.31K","-2.28%"
"19-01-2026","544.70","548.95","550.50","541.50","326.61K","-0.37%"
"16-01-2026","546.75","554.95","558.05","545.00","553.85K","-1.38%"
"14-01-2026","554.40","555.45","558.80","552.95","250.49K","-0.19%"
"13-01-2026","555.45","558.85","564.00","554.00","307.39K","-0.32%"
"12-01-2026","557.25","555.35","559.35","544.50","484.29K","0.13%"
"09-01-2026","556.55","563.95","564.00","555.30","375.61K","-1.35%"
"08-01-2026","564.15","572.00","577.80","561.05","526.32K","-1.29%"
"07-01-2026","571.50","571.00","572.50","568.00","344.25K","0.20%"
"06-01-2026","570.35","578.20","581.85","569.00","435.88K","-1.16%"
"05-01-2026","577.05","587.55","587.60","575.75","562.51K","-1.80%"
"02-01-2026","587.60","588.50","591.80","585.10","809.54K","-1.09%"
"01-01-2026","594.10","567.35","621.00","567.35","10.98M","4.84%"
"31-12-2025","566.70","564.90","571.05","564.10","248.35K","0.47%"
"30-12-2025","564.05","565.00","567.15","562.50","243.33K","-0.15%"
"29-12-2025","564.90","570.55","572.10","563.10","302.38K","-0.86%"
"26-12-2025","569.80","565.15","585.00","563.00","842.89K","0.81%"
"24-12-2025","565.20","565.10","569.35","561.00","554.32K","0.32%"
"23-12-2025","563.40","570.85","570.90","562.40","534.92K","-0.93%"
"22-12-2025","568.70","573.30","573.70","567.50","506.62K","-0.01%"
"19-12-2025","568.75","582.00","585.60","562.75","760.70K","-2.27%"
"18-12-2025","581.95","584.55","585.00","575.20","252.72K","-0.46%"
"17-12-2025","584.65","586.80","590.00","580.30","232.81K","-0.38%"
"16-12-2025","586.90","592.00","592.50","585.10","189.27K","-0.95%"
"15-12-2025","592.55","593.50","597.85","590.35","200.02K","-0.19%"
"12-12-2025","593.70","589.40","597.30","589.15","288.95K","1.13%"
"11-12-2025","587.05","588.00","591.25","581.55","300.21K","-0.31%"
"10-12-2025","588.90","591.20","596.70","584.00","352.28K","-0.20%"
"09-12-2025","590.10","574.00","594.00","570.40","635.13K","2.26%"
"08-12-2025","577.05","594.00","594.05","573.00","663.92K","-2.71%"
"05-12-2025","593.15","595.00","597.45","590.15","242.00K","0.03%"
"04-12-2025","593.00","592.80","597.00","591.10","231.42K","-0.07%"
"03-12-2025","593.40","601.50","602.25","591.00","389.28K","-1.37%"
"02-12-2025","601.65","605.00","606.00","600.25","246.34K","-0.86%"
"01-12-2025","606.85","609.05","610.90","604.00","290.73K","0.03%"
"28-11-2025","606.65","604.30","612.80","601.05","452.53K","0.54%"
"27-11-2025","603.40","606.75","609.95","602.10","237.75K","-0.39%"
"26-11-2025","605.75","607.15","609.20","604.60","233.34K","0.17%"
"25-11-2025","604.75","602.00","606.75","599.05","322.65K","0.47%"
"24-11-2025","601.90","608.80","610.00","601.00","342.09K","-1.00%"
"21-11-2025","608.00","610.00","611.95","605.00","394.88K","-0.17%"
"20-11-2025","609.05","613.90","621.40","605.90","591.54K","-0.24%"
"19-11-2025","610.50","614.75","616.95","608.60","379.04K","-0.38%"
"18-11-2025","612.80","622.20","625.30","611.85","530.95K","-1.46%"
"17-11-2025","621.85","630.00","630.00","620.60","387.01K","-0.53%"
"14-11-2025","625.15","623.90","634.90","621.60","931.13K","0.94%"
"13-11-2025","619.30","622.00","628.50","617.60","539.94K","-0.14%"
"12-11-2025","620.15","616.00","634.30","613.80","1.18M","1.23%"
"11-11-2025","612.60","612.90","616.00","608.45","433.08K","0.30%"
"10-11-2025","610.75","610.55","615.50","609.25","436.27K","-0.07%"
"07-11-2025","611.20","615.10","617.45","607.20","629.85K","-1.03%"
"06-11-2025","617.55","629.10","630.00","615.90","632.99K","-1.84%"
"04-11-2025","629.10","626.10","631.70","623.00","524.87K","0.42%"
"03-11-2025","626.50","631.60","634.90","625.25","507.60K","-0.81%"
"31-10-2025","631.60","639.00","643.95","630.00","860.57K","-1.10%"
"30-10-2025","638.65","634.90","643.50","631.40","982.88K","0.69%"
"29-10-2025","634.25","620.80","675.00","613.55","8.47M","2.13%"
"28-10-2025","621.00","622.35","624.60","618.40","438.77K","0.32%"
"27-10-2025","619.05","623.00","624.00","618.00","377.48K","-0.56%"
"24-10-2025","622.55","620.20","624.90","618.00","551.55K","-0.14%"
"23-10-2025","623.40","629.75","629.75","622.00","549.01K","0.02%"
"21-10-2025","623.30","624.00","627.35","621.00","120.67K","0.42%"
"20-10-2025","620.70","621.90","623.70","617.60","600.38K","0.15%"
"17-10-2025","619.80","622.15","639.95","617.00","1.42M","-0.30%"
"16-10-2025","621.65","621.95","628.25","620.30","507.03K","0.43%"
"15-10-2025","619.00","619.20","624.70","613.70","733.69K","0.36%"
"14-10-2025","616.75","626.00","631.90","615.10","778.96K","-1.38%"
"13-10-2025","625.35","625.00","628.40","620.15","713.90K","-0.43%"
"10-10-2025","628.05","628.50","632.90","626.20","635.87K","0.06%"
"09-10-2025","627.70","625.40","632.00","624.05","697.06K","-0.25%"
"08-10-2025","629.25","638.00","638.40","627.20","742.14K","-1.08%"
"07-10-2025","636.10","635.60","655.70","633.50","1.78M","0.42%"
"06-10-2025","633.45","640.00","641.00","630.55","836.26K","-0.60%"
"03-10-2025","637.25","644.60","644.60","631.95","1.12M","-0.60%"
"01-10-2025","641.10","630.05","651.90","626.15","2.23M","2.53%"
"30-09-2025","625.30","635.00","637.40","618.00","1.55M","-0.70%"
"29-09-2025","629.70","658.80","658.80","627.35","2.06M","-3.01%"
"26-09-2025","649.25","674.50","681.95","646.50","3.16M","-3.34%"
"25-09-2025","671.70","668.00","705.00","663.25","8.17M","0.66%"
"24-09-2025","667.30","724.00","724.75","662.50","6.31M","-7.70%"
"23-09-2025","722.95","790.00","798.00","716.20","14.83M","-7.40%"
"22-09-2025","780.75","656.00","781.70","652.35","38.85M","19.85%"
"19-09-2025","651.45","635.00","687.75","634.25","16.38M","7.33%"
"18-09-2025","606.95","608.00","610.95","605.15","320.50K","-0.02%"
"17-09-2025","607.05","610.00","612.55","605.00","321.53K","0.20%"
"16-09-2025","605.85","609.70","609.70","604.00","267.04K","0.11%"
"15-09-2025","605.20","607.00","609.65","603.30","314.24K","-0.07%"
"12-09-2025","605.60","610.00","611.00","604.20","388.48K","-0.11%"
"11-09-2025","606.25","600.40","628.95","598.30","1.88M","1.41%"
"10-09-2025","597.85","597.30","602.70","596.05","398.05K","0.55%"
"09-09-2025","594.60","595.00","598.20","592.05","217.59K","0.39%"
"08-09-2025","592.30","593.10","601.85","590.00","431.82K","0.32%"
"05-09-2025","590.40","597.25","599.75","588.20","268.11K","-0.95%"
"04-09-2025","596.05","597.95","604.95","595.00","298.86K","-0.18%"
"03-09-2025","597.15","598.75","601.30","595.30","286.96K","0.22%"
"02-09-2025","595.85","594.45","603.00","593.00","381.41K","0.29%"
"01-09-2025","594.15","593.90","597.75","592.40","397.21K","0.52%"
"29-08-2025","591.10","593.00","595.00","583.75","839.23K","-0.24%"
"28-08-2025","592.55","626.00","631.65","585.10","3.25M","-6.79%"
"26-08-2025","635.70","630.10","644.50","625.50","1.26M","0.70%"
"25-08-2025","631.25","620.00","633.20","618.15","722.26K","2.19%"
"22-08-2025","617.75","618.00","623.00","613.55","294.23K","-0.03%"
"21-08-2025","617.95","634.00","634.00","616.55","309.97K","-1.97%"
"20-08-2025","630.40","625.10","635.00","625.10","555.89K","0.26%"
"19-08-2025","628.75","625.60","633.30","625.05","473.68K","0.83%"
"18-08-2025","623.55","612.00","629.10","609.05","619.97K","2.67%"
"14-08-2025","607.35","611.00","617.00","605.70","279.63K","-0.31%"
"13-08-2025","609.25","611.85","616.15","604.00","351.33K","-0.42%"
"12-08-2025","611.85","599.00","615.50","596.05","927.36K","2.61%"
"11-08-2025","596.30","585.60","598.95","582.15","529.69K","2.00%"
"08-08-2025","584.60","595.00","598.95","582.00","434.49K","-1.22%"
"07-08-2025","591.85","589.00","594.75","577.10","631.61K","0.48%"
"06-08-2025","589.00","597.10","598.80","586.50","404.41K","-1.15%"
"05-08-2025","595.85","604.00","608.00","593.70","464.53K","-1.69%"
"04-08-2025","606.10","600.85","607.15","594.05","481.11K","1.80%"
"01-08-2025","595.40","617.00","617.00","592.70","827.37K","-1.44%"
"31-07-2025","604.10","620.00","621.50","602.45","970.39K","-3.37%"
"30-07-2025","625.15","633.00","636.10","623.55","330.70K","-0.67%"
"29-07-2025","629.35","628.95","631.00","618.00","620.85K","0.59%"
"28-07-2025","625.65","627.95","638.90","621.10","610.78K","0.25%"
"25-07-2025","624.10","645.30","647.45","622.10","553.06K","-3.20%"
"24-07-2025","644.75","652.00","655.35","642.50","321.77K","-1.13%"
"23-07-2025","652.10","651.80","654.90","647.30","398.21K","0.80%"
"22-07-2025","646.95","661.90","662.30","645.00","445.16K","-1.64%"
"21-07-2025","657.75","655.00","661.90","648.00","416.15K","0.66%"
"18-07-2025","653.45","662.55","664.60","649.15","478.77K","-1.24%"
"17-07-2025","661.65","662.00","666.90","656.15","673.88K","0.27%"
"16-07-2025","659.90","649.80","662.75","649.00","852.51K","1.88%"
"15-07-2025","647.75","651.00","653.45","645.50","467.66K","0.16%"
"14-07-2025","646.70","649.90","656.00","640.00","675.57K","0.30%"
"11-07-2025","644.75","652.00","655.50","641.10","427.79K","-1.10%"
"10-07-2025","651.95","652.75","658.85","650.00","446.18K","0.16%"
"09-07-2025","650.90","657.50","660.80","650.00","564.11K","-0.39%"
"08-07-2025","653.45","659.00","664.40","650.00","523.87K","-0.46%"
"07-07-2025","656.50","663.05","665.00","655.00","440.06K","-0.55%"
"04-07-2025","660.10","664.00","672.60","656.75","732.74K","-0.57%"
"03-07-2025","663.90","665.45","670.00","661.00","391.06K","0.11%"
"02-07-2025","663.20","669.05","672.35","660.30","611.59K","-0.52%"
"01-07-2025","666.70","677.00","684.00","664.30","1.03M","-1.34%"
"30-06-2025","675.75","684.00","687.20","670.00","1.45M","-0.98%"
"27-06-2025","682.45","648.00","693.90","647.80","11.65M","5.72%"
"26-06-2025","645.55","640.00","648.90","634.35","2.07M","1.80%"
"25-06-2025","634.15","635.00","640.75","632.70","1.28M","0.36%"
"24-06-2025","631.85","640.45","644.85","630.00","1.18M","0.34%"
"23-06-2025","629.70","614.55","631.20","608.15","1.17M","2.04%"
"20-06-2025","617.10","622.60","633.55","613.95","4.45M","-0.88%"
"19-06-2025","622.60","654.00","654.00","621.00","1.32M","-4.36%"
"18-06-2025","650.95","646.85","664.50","645.35","925.06K","0.63%"
"17-06-2025","646.85","663.00","663.00","645.00","630.56K","-1.81%"
"16-06-2025","658.80","658.80","662.50","642.80","736.93K","0.00%"
"13-06-2025","658.80","658.90","666.55","654.50","959.67K","-2.07%"
"12-06-2025","672.75","700.00","701.95","670.10","1.18M","-3.56%"
"11-06-2025","697.60","716.00","718.75","692.10","1.33M","-2.17%"
"10-06-2025","713.10","696.00","721.00","690.15","2.79M","3.23%"
"09-06-2025","690.80","686.00","694.00","681.50","911.91K","1.60%"
"06-06-2025","679.95","684.00","692.85","675.60","950.46K","-0.35%"
"05-06-2025","682.35","684.70","690.05","677.30","616.87K","-0.01%"
"04-06-2025","682.45","682.00","684.70","673.10","569.06K","0.53%"
"03-06-2025","678.85","687.05","695.00","675.05","864.47K","-1.67%"
"02-06-2025","690.35","685.00","694.65","676.05","1.10M","0.97%"
"30-05-2025","683.75","680.75","693.00","670.05","1.20M","0.44%"
"29-05-2025","680.75","673.05","684.00","668.00","844.16K","1.15%"
"28-05-2025","673.00","675.00","685.50","670.60","620.45K","-0.19%"
"27-05-2025","674.30","669.70","680.75","664.25","625.89K","0.69%"
"26-05-2025","669.70","664.60","675.50","662.05","733.88K","1.70%"
"23-05-2025","658.50","664.65","666.35","656.60","523.96K","0.07%"
"22-05-2025","658.05","658.90","669.55","651.70","490.77K","-0.80%"
"21-05-2025","663.35","661.25","667.95","656.05","454.88K","0.52%"
"20-05-2025","659.95","678.00","679.50","657.15","818.98K","-2.37%"
"19-05-2025","676.00","685.65","686.95","671.30","996.72K","-0.82%"
"16-05-2025","681.60","661.50","689.50","661.50","2.83M","3.21%"
"15-05-2025","660.40","655.05","662.00","649.95","832.45K","0.66%"
"14-05-2025","656.05","653.90","658.30","646.00","863.69K","1.19%"
"13-05-2025","648.35","634.00","656.00","629.00","1.90M","2.73%"
"12-05-2025","631.10","630.00","640.00","622.15","1.45M","4.99%"
"09-05-2025","601.10","590.55","606.80","587.10","1.36M","-1.42%"
"08-05-2025","609.75","633.25","637.65","604.00","976.52K","-2.51%"
"07-05-2025","625.45","613.65","635.95","611.50","1.27M","-1.18%"
"06-05-2025","632.95","666.90","677.65","630.00","4.15M","-4.90%"
"05-05-2025","665.55","607.00","684.40","603.45","16.75M","10.97%"
"02-05-2025","599.75","599.00","613.90","597.50","518.33K","-0.07%"
"30-04-2025","600.20","612.00","612.00","595.15","411.52K","-1.57%"
"29-04-2025","609.75","621.05","625.00","608.00","629.18K","-1.18%"
"28-04-2025","617.00","600.00","622.20","600.00","1.01M","2.83%"
"25-04-2025","600.00","626.00","629.00","594.00","902.18K","-3.99%"
"24-04-2025","624.95","626.00","631.75","621.55","600.19K","-0.25%"
"23-04-2025","626.50","621.95","629.90","619.35","584.43K","0.91%"
"22-04-2025","620.85","627.20","634.00","618.10","668.29K","-0.54%"
"21-04-2025","624.25","614.00","627.25","609.00","868.60K","2.63%"
"17-04-2025","608.25","607.90","622.25","604.00","928.95K","0.04%"
"16-04-2025","608.00","603.00","610.55","601.05","560.44K","-0.43%"
"15-04-2025","610.65","600.00","612.15","596.55","716.93K","3.14%"
"11-04-2025","592.05","598.00","601.20","587.60","650.83K","2.18%"
"09-04-2025","579.40","584.00","586.00","576.40","348.62K","-0.95%"
"08-04-2025","584.95","587.65","590.00","575.50","585.51K","2.68%"
"07-04-2025","569.70","545.50","578.75","545.50","815.63K","-3.65%"
"04-04-2025","591.30","606.00","608.55","587.10","885.52K","-2.27%"
"03-04-2025","605.05","593.45","610.00","589.25","1.08M","1.05%"
"02-04-2025","598.75","595.00","601.00","578.10","1.33M","1.11%"
"01-04-2025","592.15","599.05","602.85","581.35","1.55M","-1.73%"
"28-03-2025","602.60","615.30","632.50","599.80","1.76M","-1.52%"
"27-03-2025","611.90","597.20","617.20","595.60","6.80M","2.32%"
"26-03-2025","598.05","607.75","618.75","596.70","1.10M","-1.60%"
"25-03-2025","607.75","625.40","631.15","603.95","891.27K","-2.78%"
"24-03-2025","625.10","635.65","641.90","623.00","703.04K","-0.89%"
"21-03-2025","630.70","623.95","638.00","619.00","1.17M","1.78%"
"20-03-2025","619.65","632.00","635.75","615.25","1.01M","-0.47%"
"19-03-2025","622.60","610.00","625.75","610.00","809.64K","2.23%"
"18-03-2025","609.00","607.90","611.00","604.10","573.90K","0.94%"
"17-03-2025","603.35","602.00","609.95","598.20","746.79K","-0.17%"
"13-03-2025","604.35","605.00","619.75","598.20","1.17M","0.64%"
"12-03-2025","600.50","600.95","605.80","580.90","656.36K","0.55%"
"11-03-2025","597.20","600.00","608.30","592.80","676.88K","-1.41%"
"10-03-2025","605.75","607.90","625.80","599.55","1.15M","-0.24%"
"07-03-2025","607.20","596.75","609.50","591.25","828.18K","1.90%"
"06-03-2025","595.90","589.25","602.50","583.30","1.18M","1.02%"
"05-03-2025","589.90","545.00","600.00","544.35","2.61M","7.81%"
"04-03-2025","547.15","549.95","558.00","537.20","621.26K","-0.84%"
"03-03-2025","551.80","559.40","564.15","532.60","1.09M","-0.96%"
"28-02-2025","557.15","579.85","579.85","555.00","900.37K","-4.06%"
"27-02-2025","580.75","583.05","596.60","572.85","1.47M","0.29%"
"25-02-2025","579.05","575.40","593.95","565.65","1.27M","0.63%"
"24-02-2025","575.40","581.70","581.70","571.65","437.30K","-1.09%"
"21-02-2025","581.75","590.00","600.00","578.00","590.97K","-1.01%"
"20-02-2025","587.70","579.15","589.70","570.50","577.25K","0.87%"
"19-02-2025","582.65","567.60","583.95","564.80","544.27K","0.56%"
"18-02-2025","579.40","575.75","581.30","566.00","583.94K","0.86%"
"17-02-2025","574.45","573.70","579.35","560.85","574.20K","0.12%"
"14-02-2025","573.75","603.00","607.00","569.35","823.99K","-3.93%"
"13-02-2025","597.20","601.90","608.50","590.50","497.02K","0.24%"
"12-02-2025","595.75","599.00","605.00","580.80","860.86K","-0.03%"
"11-02-2025","595.95","611.85","620.90","593.00","1.04M","-2.07%"
"10-02-2025","608.55","634.75","645.00","605.20","706.92K","-3.32%"
"07-02-2025","629.45","638.50","639.45","623.00","412.87K","-0.83%"
"06-02-2025","634.70","645.00","645.75","631.35","276.72K","-0.95%"
"05-02-2025","640.80","629.00","647.45","628.95","522.79K","1.88%"
"04-02-2025","628.95","626.00","634.35","622.80","401.01K","1.39%"
"03-02-2025","620.35","629.95","630.25","618.45","467.43K","-2.27%"
"01-02-2025","634.75","647.50","654.40","625.75","745.12K","-1.30%"
"31-01-2025","643.10","639.95","649.80","635.00","895.97K","0.25%"
"30-01-2025","641.50","625.00","647.40","622.60","1.49M","2.83%"
"29-01-2025","623.85","616.85","628.00","613.05","971.74K","1.27%"
"28-01-2025","616.05","619.40","627.15","607.40","790.37K","-0.54%"
"27-01-2025","619.40","640.95","640.95","611.70","1.28M","-3.45%"
"24-01-2025","641.50","660.00","663.70","638.00","469.30K","-2.54%"
"23-01-2025","658.25","656.00","664.45","651.60","491.70K","0.44%"
"22-01-2025","655.35","666.65","669.85","642.50","718.25K","-1.64%"
"21-01-2025","666.30","675.50","679.00","664.50","695.06K","-1.40%"
"20-01-2025","675.75","675.20","680.00","666.10","662.55K","0.39%"
"17-01-2025","673.15","679.90","680.00","668.60","890.19K","-0.03%"
"16-01-2025","673.35","696.00","708.00","669.55","1.99M","1.68%"
"15-01-2025","662.25","671.85","687.65","658.00","2.36M","-1.13%"
"14-01-2025","669.80","637.75","711.00","635.80","11.80M","6.62%"
"13-01-2025","628.20","675.00","675.00","620.60","1.73M","-7.79%"
"10-01-2025","681.25","700.00","708.65","669.00","1.77M","-0.13%"
"09-01-2025","682.15","702.50","705.00","680.00","603.35K","-3.23%"
"08-01-2025","704.95","704.95","708.35","693.05","472.34K","0.23%"
"07-01-2025","703.30","707.85","717.90","700.00","641.98K","-0.07%"
"06-01-2025","703.80","725.05","726.00","697.10","811.37K","-3.28%"
"03-01-2025","727.65","734.50","750.80","725.00","799.04K","-0.93%"
"02-01-2025","734.45","749.00","749.45","731.80","1.19M","-2.09%"
"01-01-2025","750.10","751.00","766.60","745.00","1.80M","-1.44%"
"31-12-2024","761.05","754.35","778.70","719.30","4.82M","1.32%"
"30-12-2024","751.15","676.00","781.15","674.60","6.19M","10.58%"
"27-12-2024","679.30","675.55","685.00","670.00","528.35K","1.09%"
"26-12-2024","672.00","674.00","685.80","668.60","867.41K","0.16%"
"24-12-2024","670.95","671.00","679.90","665.25","597.18K","0.22%"
"23-12-2024","669.50","680.00","686.35","666.00","805.38K","-0.72%"
"20-12-2024","674.35","697.00","712.45","666.15","1.12M","-3.28%"
"19-12-2024","697.25","690.00","701.70","686.10","562.04K","-0.65%"
"18-12-2024","701.80","715.55","719.65","699.50","672.24K","-1.80%"
"17-12-2024","714.65","713.90","723.55","705.10","904.26K","0.27%"
"16-12-2024","712.70","717.75","723.65","711.10","688.85K","-0.72%"
"13-12-2024","717.85","728.90","733.00","709.05","1.34M","-1.72%"
"12-12-2024","730.40","720.95","755.65","712.30","4.46M","1.80%"
"11-12-2024","717.50","712.10","726.50","708.05","1.06M","0.29%"
"10-12-2024","715.45","730.00","734.35","714.00","1.01M","-1.93%"
"09-12-2024","729.50","731.05","737.50","722.05","746.95K","-0.21%"
"06-12-2024","731.05","744.80","751.45","728.00","1.26M","-1.73%"
"05-12-2024","743.95","754.70","754.70","735.20","1.46M","-0.36%"
"04-12-2024","746.65","766.50","776.35","740.50","2.00M","-2.56%"
"03-12-2024","766.25","780.30","789.00","762.00","2.34M","-0.82%"
"02-12-2024","772.55","812.00","815.30","770.00","3.97M","-4.90%"
"29-11-2024","812.35","809.40","862.00","788.55","20.90M","1.06%"
"28-11-2024","803.85","715.55","824.30","712.10","19.66M","15.82%"
"27-11-2024","694.05","580.05","695.30","572.55","11.56M","19.78%"
"26-11-2024","579.45","605.00","607.20","577.00","1.85M","-3.49%"
"25-11-2024","600.40","636.35","641.85","592.30","1.89M","-1.43%"
"22-11-2024","609.10","570.60","624.40","567.00","4.88M","1.20%"
"21-11-2024","601.90","555.00","619.80","545.75","7.75M","-10.40%"
"19-11-2024","671.75","665.00","683.70","662.30","353.63K","0.28%"
"18-11-2024","669.90","665.00","673.00","652.15","1.14M","-2.05%"
"14-11-2024","683.90","687.10","693.70","677.65","283.81K","0.74%"
"13-11-2024","678.90","701.00","706.90","673.55","439.50K","-3.18%"
"12-11-2024","701.20","700.05","713.25","697.60","259.02K","-0.09%"
"11-11-2024","701.80","708.75","712.35","700.00","256.49K","-1.52%"
"08-11-2024","712.60","720.95","726.10","710.50","269.75K","-1.81%"
"07-11-2024","725.70","742.30","746.65","722.05","314.55K","-2.24%"
"06-11-2024","742.30","720.05","752.00","720.05","690.23K","2.80%"
"05-11-2024","722.05","707.00","726.00","706.35","365.38K","1.50%"
"04-11-2024","711.35","718.00","720.05","708.15","301.86K","-1.60%"
"01-11-2024","722.95","721.80","725.55","720.00","77.97K","0.64%"
"31-10-2024","718.35","713.55","727.00","713.55","392.90K","0.67%"
"30-10-2024","713.55","708.00","727.70","705.00","460.36K","0.37%"
"29-10-2024","710.90","707.15","716.60","705.85","358.30K","-0.17%"
"28-10-2024","712.10","719.10","726.70","700.05","768.39K","-1.66%"
"25-10-2024","724.15","754.85","760.00","712.80","1.43M","-4.08%"
"24-10-2024","754.95","695.65","773.80","695.55","3.16M","7.78%"
"23-10-2024","700.45","692.00","705.00","682.25","614.60K","1.24%"
"22-10-2024","691.85","715.25","728.00","684.70","740.84K","-3.94%"
"21-10-2024","720.20","730.00","737.95","715.25","319.72K","-1.69%"
"18-10-2024","732.60","730.00","749.90","716.95","540.65K","-0.34%"
"17-10-2024","735.10","742.35","749.95","733.00","360.44K","-1.57%"
"16-10-2024","746.80","745.15","754.70","744.05","313.18K","0.12%"
"15-10-2024","745.90","750.00","754.35","744.25","303.91K","-1.12%"
"14-10-2024","754.35","755.00","763.05","752.20","250.14K","-0.40%"
"11-10-2024","757.35","754.00","773.00","754.00","709.75K","-0.03%"
"10-10-2024","757.60","755.95","767.85","753.00","317.48K","0.06%"
"09-10-2024","757.15","760.00","771.50","752.80","452.79K","-0.37%"
"08-10-2024","759.95","736.65","764.95","728.05","745.88K","2.50%"
"07-10-2024","741.45","758.55","769.70","738.20","678.39K","-2.88%"
"04-10-2024","763.40","770.05","778.35","758.15","552.01K","-1.15%"
"03-10-2024","772.25","778.00","782.85","770.40","540.03K","-1.81%"
"01-10-2024","786.45","784.05","794.35","784.05","422.97K","-0.01%"
"30-09-2024","786.50","784.55","793.00","779.25","519.81K","0.35%"
"27-09-2024","783.75","793.00","802.90","780.00","724.13K","-1.05%"
"26-09-2024","792.10","801.00","805.60","790.10","698.51K","-1.12%"
"25-09-2024","801.10","810.00","812.95","799.00","646.96K","-1.46%"
"24-09-2024","812.95","830.00","831.95","810.00","1.52M","-2.68%"
"23-09-2024","835.35","845.00","855.00","822.95","6.12M","5.91%"
"20-09-2024","788.70","777.90","795.70","775.60","903.22K","1.61%"
"19-09-2024","776.20","792.00","800.00","773.05","711.87K","-2.17%"
"18-09-2024","793.45","799.50","804.75","792.00","393.36K","-0.76%"
"17-09-2024","799.50","807.20","810.75","798.00","467.55K","-0.90%"
"16-09-2024","806.75","802.00","825.00","802.00","1.04M","0.75%"
"13-09-2024","800.75","801.00","809.75","798.00","552.28K","-0.63%"
"12-09-2024","805.80","804.80","813.90","798.00","531.08K","0.12%"
"11-09-2024","804.80","813.55","819.95","800.00","443.30K","-1.08%"
"10-09-2024","813.55","817.90","824.60","812.00","451.63K","-0.15%"
"09-09-2024","814.75","826.05","830.40","808.30","647.58K","-1.45%"
"06-09-2024","826.75","840.00","846.75","823.60","559.99K","-2.04%"
"05-09-2024","844.00","851.65","856.40","841.20","356.22K","-1.23%"
"04-09-2024","854.55","840.00","858.95","837.60","4.05M","0.41%"
"03-09-2024","851.10","847.80","855.00","842.85","3.73M","0.38%"
"02-09-2024","847.85","832.00","852.30","830.80","3.68M","2.11%"
"30-08-2024","830.35","838.00","843.80","826.00","860.29K","-0.85%"
"29-08-2024","837.50","845.05","847.55","833.20","2.34M","-1.33%"
"28-08-2024","848.80","853.50","859.00","840.10","3.04M","-0.88%"
"27-08-2024","856.35","856.00","861.00","852.25","3.49M","0.03%"
"26-08-2024","856.10","859.05","865.00","854.00","4.72M","-0.26%"
"23-08-2024","858.30","858.15","866.65","849.25","5.46M","-0.30%"
"22-08-2024","860.90","861.00","867.50","858.00","4.42M","0.22%"
"21-08-2024","859.05","857.05","868.85","855.00","4.04M","-0.01%"
"20-08-2024","859.10","855.05","863.50","850.95","4.69M","0.32%"
"19-08-2024","856.35","846.50","860.80","846.05","4.95M","0.97%"
"16-08-2024","848.15","845.90","852.40","840.05","4.75M","0.58%"
"14-08-2024","843.25","850.00","853.90","833.00","5.15M","-0.95%"
"13-08-2024","851.35","867.75","867.75","844.95","5.10M","2.05%"
"12-08-2024","834.25","839.95","844.40","752.35","5.53M","-4.09%"
"09-08-2024","869.85","885.00","886.70","865.20","2.07M","-0.59%"
"08-08-2024","875.00","879.95","888.00","873.20","3.00M","-0.05%"
"07-08-2024","875.40","880.00","882.90","869.25","4.25M","0.84%"
"06-08-2024","868.10","865.00","892.85","860.05","2.72M","1.29%"
"05-08-2024","857.05","890.00","896.45","851.00","2.92M","-5.70%"
"02-08-2024","908.90","905.00","922.00","901.00","2.29M","-0.73%"
"01-08-2024","915.55","883.00","941.90","883.00","6.49M","2.23%"
"31-07-2024","895.55","898.40","909.50","891.10","984.37K","-0.09%"
"30-07-2024","896.40","900.00","906.90","892.00","1.36M","0.39%"
"29-07-2024","892.95","900.00","924.40","889.00","2.78M","0.51%"
"26-07-2024","888.45","888.70","916.85","882.20","2.84M","0.74%"
"25-07-2024","881.95","883.00","902.00","878.05","925.39K","-0.95%"
"24-07-2024","890.45","882.00","895.00","880.50","3.97M","1.29%"
"23-07-2024","879.15","886.30","909.95","857.00","3.57M","-0.78%"
"22-07-2024","886.10","881.55","896.10","874.50","3.33M","-0.27%"
"19-07-2024","888.50","893.00","894.00","883.95","2.64M","-0.18%"
"18-07-2024","890.10","906.00","906.00","885.60","3.50M","-1.75%"
"16-07-2024","906.00","904.55","915.80","897.60","3.12M","1.16%"
"15-07-2024","895.60","893.50","904.40","886.10","2.51M","0.27%"
"12-07-2024","893.20","894.60","902.05","889.20","2.04M","-0.16%"
"11-07-2024","894.60","891.90","898.10","880.75","1.60M","0.44%"
"10-07-2024","890.65","901.00","904.40","883.00","729.46K","-0.13%"
"09-07-2024","891.85","893.70","917.40","887.55","1.72M","0.93%"
"08-07-2024","883.65","894.05","899.00","882.00","765.39K","-0.83%"
"05-07-2024","891.05","904.10","904.10","890.00","873.34K","-0.60%"
"04-07-2024","896.45","905.00","908.90","895.00","799.59K","-0.96%"
"03-07-2024","905.15","914.80","916.65","901.35","1.03M","0.06%"
"02-07-2024","904.60","896.95","938.00","889.50","3.84M","1.86%"
"01-07-2024","888.05","896.55","902.00","883.00","1.06M","-0.89%"
"28-06-2024","896.00","903.00","906.00","895.00","657.82K","-0.75%"
"27-06-2024","902.80","900.00","907.00","892.00","870.31K","1.02%"
"26-06-2024","893.65","899.80","910.50","889.00","1.25M","0.47%"
"25-06-2024","889.50","911.75","920.00","886.25","1.22M","-2.44%"
"24-06-2024","911.75","920.55","923.90","909.65","1.16M","-1.21%"
"21-06-2024","922.95","926.00","930.70","918.40","1.07M","-0.30%"
"20-06-2024","925.75","928.00","942.00","924.00","1.12M","-0.18%"
"19-06-2024","927.40","943.40","947.80","922.05","873.59K","-1.37%"
"18-06-2024","940.25","948.20","957.85","937.80","1.25M","-0.66%"
"14-06-2024","946.50","947.15","960.00","942.20","784.68K","0.07%"
"13-06-2024","945.80","952.25","960.00","943.00","866.10K","-0.62%"
"12-06-2024","951.70","959.80","964.80","950.00","795.01K","-0.54%"
"11-06-2024","956.85","977.90","977.90","955.00","1.70M","-1.44%"
"10-06-2024","970.80","996.00","1,013.95","965.30","2.04M","-0.75%"
"07-06-2024","978.10","969.40","989.90","949.90","2.16M","0.88%"
"06-06-2024","969.55","965.00","993.00","956.20","3.25M","3.56%"
"05-06-2024","936.25","927.05","966.00","824.25","6.67M","3.03%"
"04-06-2024","908.70","1,115.00","1,115.00","901.00","12.47M","-18.82%"
"03-06-2024","1,119.40","1,190.00","1,190.00","1,101.70","10.56M","7.71%"
"31-05-2024","1,039.30","966.00","1,060.00","958.15","8.55M","8.80%"
"30-05-2024","955.20","952.00","966.00","946.05","1.02M","0.47%"
"29-05-2024","950.75","954.65","965.00","945.00","983.88K","-0.10%"
"28-05-2024","951.70","979.00","983.65","950.00","1.38M","-2.15%"
"27-05-2024","972.60","990.00","1,008.00","969.55","1.82M","-0.73%"
"24-05-2024","979.75","956.70","1,002.70","950.00","4.03M","2.41%"
"23-05-2024","956.70","941.55","976.00","926.20","2.96M","2.34%"
"22-05-2024","934.85","939.00","946.45","928.50","1.08M","0.52%"
"21-05-2024","930.05","914.80","964.10","905.15","2.69M","1.89%"
"18-05-2024","912.80","912.80","912.80","912.80","","-0.09%"
"17-05-2024","913.65","909.55","917.40","902.10","606.70K","0.76%"
"16-05-2024","906.80","923.00","924.15","901.25","642.36K","-1.07%"
"15-05-2024","916.60","914.90","930.75","909.20","1.04M","0.84%"
"14-05-2024","908.95","866.50","932.80","862.10","2.93M","5.46%"
"13-05-2024","861.85","875.00","889.95","849.10","784.49K","-0.60%"
"10-05-2024","867.05","879.60","889.00","858.55","887.02K","-1.31%"
"09-05-2024","878.55","893.65","908.95","874.00","969.88K","-1.90%"
"08-05-2024","895.60","903.90","906.00","891.00","2.66M","-0.83%"
"07-05-2024","903.10","917.50","921.95","900.45","2.95M","-1.53%"
"06-05-2024","917.15","930.40","930.55","905.10","2.77M","-1.42%"
"03-05-2024","930.40","932.85","936.90","922.50","2.47M","-0.19%"
"02-05-2024","932.15","955.00","969.85","925.00","2.51M","0.33%"
"30-04-2024","929.10","924.10","947.65","921.30","1.08M","1.09%"
"29-04-2024","919.05","926.00","927.00","918.00","513.38K","-0.01%"
"26-04-2024","919.15","920.00","926.95","918.00","569.18K","0.11%"
"25-04-2024","918.15","919.20","921.95","912.05","573.79K","-0.15%"
"24-04-2024","919.50","929.90","929.90","915.20","536.97K","-0.40%"
"23-04-2024","923.15","919.55","931.35","919.55","549.19K","0.50%"
"22-04-2024","918.55","930.00","930.00","916.90","517.42K","0.67%"
"19-04-2024","912.40","910.00","919.00","898.00","982.96K","-0.84%"
"18-04-2024","920.15","936.20","955.70","917.00","861.75K","-0.82%"
"16-04-2024","927.75","926.25","936.45","919.95","704.15K","0.16%"
"15-04-2024","926.25","920.00","938.00","906.30","1.36M","-2.30%"
"12-04-2024","948.05","957.10","970.00","942.85","755.79K","-1.38%"
"10-04-2024","961.30","965.00","967.30","956.50","502.07K","-0.09%"
"09-04-2024","962.15","970.45","976.00","960.10","692.15K","-0.48%"
"08-04-2024","966.80","986.95","988.00","963.10","1.14M","-1.25%"
"05-04-2024","979.00","983.95","989.00","970.55","2.99M","-0.53%"
"04-04-2024","984.20","985.90","996.40","980.10","3.04M","0.85%"
"03-04-2024","975.90","974.95","987.70","965.30","3.14M","-0.04%"
"02-04-2024","976.25","972.00","984.95","963.65","3.30M","0.69%"
"01-04-2024","969.55","947.95","1,000.00","945.00","2.88M","4.64%"
"28-03-2024","926.55","932.00","939.10","912.75","3.47M","0.73%"
"27-03-2024","919.80","955.00","959.65","910.00","3.94M","-3.09%"
"26-03-2024","949.10","938.85","968.90","937.10","3.00M","1.09%"
"22-03-2024","938.85","941.95","948.65","933.10","820.69K","0.30%"
"21-03-2024","936.05","955.00","955.00","930.00","910.39K","-0.01%"
"20-03-2024","936.10","954.50","961.45","928.25","1.21M","-0.91%"
"19-03-2024","944.65","960.00","974.95","927.35","4.20M","-0.27%"
"18-03-2024","947.25","947.65","966.50","912.60","3.67M","-4.22%"
"15-03-2024","989.00","971.00","1,007.00","945.25","6.09M","1.61%"
"14-03-2024","973.30","870.00","981.00","846.55","6.56M","11.49%"
"13-03-2024","873.00","966.05","976.05","862.05","4.16M","-9.54%"
"12-03-2024","965.10","1,004.00","1,007.80","960.00","1.67M","-3.50%"
"11-03-2024","1,000.15","1,010.00","1,022.90","997.55","3.61M","-0.90%"
"07-03-2024","1,009.20","1,014.00","1,017.85","1,001.00","3.38M","0.33%"
"06-03-2024","1,005.85","1,021.00","1,023.10","995.35","3.59M","-1.40%"
"05-03-2024","1,020.15","1,026.00","1,032.25","1,013.25","3.24M","-0.56%"
"04-03-2024","1,025.90","1,047.70","1,047.70","1,019.10","2.29M","-1.36%"
"02-03-2024","1,040.00","1,043.95","1,045.00","1,032.20","181.48K","0.08%"
"01-03-2024","1,039.15","1,033.00","1,053.85","1,027.00","3.84M","1.32%"
"29-02-2024","1,025.65","1,020.00","1,033.30","1,005.25","3.21M","0.66%"
"28-02-2024","1,018.90","1,050.00","1,056.85","1,005.40","3.50M","-2.80%"
"27-02-2024","1,048.30","1,089.00","1,096.00","1,042.20","5.48M","-2.53%"
"26-02-2024","1,075.55","1,038.00","1,095.00","1,036.40","10.67M","4.48%"
"23-02-2024","1,029.40","1,018.15","1,035.00","1,015.10","4.20M","1.10%"
"22-02-2024","1,018.15","1,030.00","1,031.85","1,013.45","3.22M","-0.28%"
"21-02-2024","1,021.05","1,014.95","1,046.00","1,011.05","4.64M","0.89%"
"20-02-2024","1,012.05","1,017.00","1,018.00","1,004.00","2.59M","0.03%"
"19-02-2024","1,011.70","1,015.55","1,029.00","1,010.00","1.02M","0.55%"
"16-02-2024","1,006.20","1,012.95","1,019.10","1,003.00","910.44K","-0.12%"
"15-02-2024","1,007.45","1,012.00","1,033.95","1,005.75","1.43M","-0.30%"
"14-02-2024","1,010.50","983.00","1,027.30","983.00","2.92M","0.27%"
"13-02-2024","1,007.80","1,035.00","1,036.95","986.50","3.44M","-1.70%"
"12-02-2024","1,025.25","1,033.70","1,061.90","1,014.00","4.80M","0.15%"
"09-02-2024","1,023.75","1,029.00","1,049.60","1,003.20","3.71M","0.06%"
"08-02-2024","1,023.10","1,059.00","1,065.00","1,016.00","3.71M","-1.63%"
"07-02-2024","1,040.05","1,008.90","1,072.20","1,001.05","6.75M","4.53%"
"06-02-2024","994.95","1,005.00","1,018.55","988.00","1.23M","0.60%"
"05-02-2024","989.05","1,003.00","1,007.00","985.00","2.48M","-1.02%"
"02-02-2024","999.25","1,006.05","1,014.15","996.00","2.35M","-0.48%"
"01-02-2024","1,004.10","1,018.30","1,029.70","999.15","2.86M","-0.81%"
"31-01-2024","1,012.35","1,030.00","1,035.70","1,006.30","2.67M","-1.54%"
"30-01-2024","1,028.15","1,040.00","1,050.00","1,018.30","2.71M","-0.73%"
"29-01-2024","1,035.70","1,010.00","1,053.00","1,005.05","1.82M","3.27%"
"25-01-2024","1,002.95","1,002.20","1,016.90","995.20","824.95K","0.07%"
"24-01-2024","1,002.20","990.00","1,018.00","982.00","1.12M","0.59%"
"23-01-2024","996.35","1,060.00","1,068.00","990.10","1.67M","-5.11%"
"20-01-2024","1,050.00","996.45","1,058.95","980.65","2.60M","6.01%"
"19-01-2024","990.50","1,000.00","1,007.95","986.05","852.31K","0.75%"
"18-01-2024","983.10","1,006.90","1,014.70","972.45","1.85M","-2.09%"
"17-01-2024","1,004.10","1,012.85","1,019.45","1,000.00","1.25M","-2.14%"
"16-01-2024","1,026.05","1,041.00","1,041.00","1,023.55","2.31M","-1.29%"
"15-01-2024","1,039.50","1,063.90","1,064.65","1,036.00","1.12M","-1.79%"
"12-01-2024","1,058.50","1,064.95","1,070.70","1,055.10","946.55K","-0.35%"
"11-01-2024","1,062.25","1,077.00","1,080.00","1,060.00","854.63K","-0.63%"
"10-01-2024","1,068.95","1,073.55","1,082.55","1,060.00","1.73M","0.15%"
"09-01-2024","1,067.35","1,070.95","1,100.00","1,064.35","2.15M","-0.08%"
"08-01-2024","1,068.25","1,092.90","1,096.00","1,062.05","2.06M","-2.04%"
"05-01-2024","1,090.55","1,115.40","1,117.00","1,080.00","2.56M","-2.20%"
"04-01-2024","1,115.10","1,140.00","1,159.80","1,094.10","6.28M","1.44%"
"03-01-2024","1,099.30","1,078.95","1,100.95","1,032.20","17.30M","9.83%"
"02-01-2024","1,000.90","1,005.05","1,014.90","985.20","2.91M","0.00%"
"01-01-2024","1,000.95","992.40","1,013.90","983.50","1.73M","1.32%"
"29-12-2023","987.95","982.00","995.00","968.00","2.50M","0.78%"
"28-12-2023","980.35","1,006.40","1,011.85","976.00","2.41M","-1.88%"
"27-12-2023","999.10","1,012.00","1,020.00","991.00","941.50K","0.41%"
"26-12-2023","995.05","1,001.45","1,008.00","987.00","1.19M","-0.13%"
"22-12-2023","996.30","1,004.00","1,018.90","985.00","1.39M","1.15%"
"21-12-2023","985.00","924.00","995.95","923.00","2.58M","2.53%"
"20-12-2023","960.70","1,025.50","1,059.50","926.75","3.83M","-6.39%"
"19-12-2023","1,026.25","1,039.70","1,042.80","1,010.00","4.05M","-0.42%"
"18-12-2023","1,030.55","1,047.00","1,049.25","1,020.00","4.84M","-1.57%"
"15-12-2023","1,046.95","1,070.00","1,085.00","1,035.05","5.57M","-0.44%"
"14-12-2023","1,051.55","1,005.00","1,080.00","1,005.00","7.51M","4.68%"
"13-12-2023","1,004.55","1,110.00","1,110.05","1,002.80","8.70M","-9.84%"
"12-12-2023","1,114.20","1,180.00","1,184.80","1,101.10","6.19M","-4.94%"
"11-12-2023","1,172.15","1,179.95","1,225.00","1,130.30","6.20M","1.33%"
"08-12-2023","1,156.80","1,230.00","1,259.40","1,100.00","17.55M","-0.16%"
"07-12-2023","1,158.60","1,102.00","1,158.60","1,102.00","13.94M","10.00%"
"06-12-2023","1,053.30","915.00","1,053.40","906.50","25.87M","19.99%"
"05-12-2023","877.85","732.30","878.70","712.00","25.68M","19.88%"
"04-12-2023","732.25","770.00","800.00","728.80","3.80M","4.39%"
"01-12-2023","701.45","716.70","723.00","697.05","2.30M","-1.04%"
"30-11-2023","708.80","747.00","753.00","692.00","6.18M","-3.24%"
"29-11-2023","732.55","700.00","760.00","690.00","15.48M","13.71%"
"28-11-2023","644.20","550.00","644.30","549.00","13.38M","19.97%"
"24-11-2023","536.95","530.60","543.90","529.00","645.92K","1.20%"
"23-11-2023","530.60","535.65","535.65","530.00","245.03K","-0.20%"
"22-11-2023","531.65","544.15","544.75","527.95","311.80K","-1.65%"
"21-11-2023","540.55","536.00","549.00","533.10","628.36K","1.79%"
"20-11-2023","531.05","535.10","537.00","527.00","425.12K","-0.56%"
"17-11-2023","534.05","536.50","537.70","532.05","346.87K","-0.45%"
"16-11-2023","536.45","542.90","542.90","535.50","299.93K","-0.61%"
"15-11-2023","539.75","549.80","549.80","538.00","305.79K","-0.42%"
"13-11-2023","542.00","546.75","549.80","539.65","221.12K","-0.91%"
"12-11-2023","547.00","549.50","549.50","544.70","93.52K","1.39%"
"10-11-2023","539.50","535.00","542.20","532.00","292.75K","0.84%"
"09-11-2023","535.00","544.20","544.20","534.00","457.78K","-1.43%"
"08-11-2023","542.75","542.70","546.95","541.00","370.03K","0.01%"
"07-11-2023","542.70","553.95","553.95","540.00","484.21K","-1.50%"
"06-11-2023","550.95","554.80","559.80","548.80","337.72K","-0.41%"
"03-11-2023","553.20","558.00","561.85","552.00","295.17K","-0.11%"
"02-11-2023","553.80","558.35","567.30","551.90","402.27K","0.36%"
"01-11-2023","551.80","570.00","570.75","551.00","539.28K","-2.22%"
"31-10-2023","564.30","570.00","575.55","559.90","465.37K","0.11%"
"30-10-2023","563.70","568.00","571.85","555.45","1.06M","0.62%"
"27-10-2023","560.25","541.00","565.00","540.00","2.35M","4.96%"
"26-10-2023","533.75","550.00","550.00","522.00","1.11M","-3.03%"
"25-10-2023","550.45","573.00","579.40","548.15","2.13M","-3.96%"
"23-10-2023","573.15","590.05","594.00","570.70","1.65M","-2.99%"
"20-10-2023","590.80","595.00","599.80","589.00","2.12M","-0.19%"
"19-10-2023","591.95","591.45","594.00","586.00","1.65M","-0.19%"
"18-10-2023","593.05","598.45","598.80","592.00","266.36K","-0.42%"
"17-10-2023","595.55","597.95","602.00","595.00","259.22K","0.06%"
"16-10-2023","595.20","602.00","604.50","595.00","327.25K","-1.07%"
"13-10-2023","601.65","607.95","607.95","600.20","367.97K","-1.28%"
"12-10-2023","609.45","614.80","616.35","608.00","252.30K","-0.31%"
"11-10-2023","611.35","615.05","619.90","606.25","606.35K","0.58%"
"10-10-2023","607.80","588.50","626.00","588.50","2.81M","2.96%"
"09-10-2023","590.30","600.00","600.05","587.75","572.73K","-2.37%"
"06-10-2023","604.60","605.05","609.70","603.50","326.95K","0.28%"
"05-10-2023","602.90","616.85","616.90","600.55","669.67K","-1.28%"
"04-10-2023","610.70","610.55","629.75","604.35","1.35M","-0.01%"
"03-10-2023","610.75","619.85","619.85","609.10","491.83K","-0.41%"
"29-09-2023","613.25","627.50","627.50","611.05","792.60K","-1.43%"
"28-09-2023","622.15","629.80","631.45","621.20","377.76K","-0.88%"
"27-09-2023","627.65","632.00","635.90","626.45","509.38K","-1.02%"
"26-09-2023","634.10","637.60","637.60","632.40","241.60K","-0.03%"
"25-09-2023","634.30","639.90","639.90","634.00","239.70K","-0.37%"
"22-09-2023","636.65","644.80","644.80","636.00","244.25K","-0.46%"
"21-09-2023","639.60","638.85","649.05","638.00","544.37K","0.44%"
"20-09-2023","636.80","641.00","641.35","635.00","428.17K","-0.37%"
"18-09-2023","639.15","648.45","648.45","637.00","411.58K","0.44%"
"15-09-2023","636.35","644.45","645.05","635.00","433.76K","-0.86%"
"14-09-2023","641.90","644.00","647.70","638.05","371.08K","0.84%"
"13-09-2023","636.55","643.55","646.85","632.35","505.98K","-0.96%"
"12-09-2023","642.75","668.70","668.70","641.20","716.60K","-2.45%"
"11-09-2023","658.90","649.95","673.05","645.30","1.61M","2.19%"
"08-09-2023","644.80","651.20","653.50","643.05","562.26K","-0.32%"
"07-09-2023","646.85","651.00","655.35","645.20","622.70K","0.33%"
"06-09-2023","644.70","637.95","650.00","633.00","868.09K","1.78%"
"05-09-2023","633.40","636.80","639.45","632.10","379.50K","0.15%"
"04-09-2023","632.45","640.00","640.90","630.15","675.85K","-0.22%"
"01-09-2023","633.85","625.15","639.00","621.00","987.41K","-0.31%"
"31-08-2023","635.80","626.00","644.90","626.00","939.86K","-2.55%"
"30-08-2023","652.45","662.50","662.50","651.00","441.87K","-0.66%"
"29-08-2023","656.80","663.45","663.45","651.35","533.82K","0.18%"
"28-08-2023","655.60","657.90","664.50","650.20","519.23K","0.28%"
"25-08-2023","653.75","665.00","665.80","650.00","554.51K","-1.23%"
"24-08-2023","661.90","664.85","668.55","658.55","668.55K","1.18%"
"23-08-2023","654.20","680.00","686.00","647.05","1.48M","-2.73%"
"22-08-2023","672.55","669.95","680.00","667.00","1.48M","1.21%"
"21-08-2023","664.50","659.00","673.65","656.00","1.53M","1.53%"
"18-08-2023","654.50","633.00","676.80","632.50","2.74M","3.28%"
"17-08-2023","633.70","639.80","639.90","633.00","362.30K","-0.29%"
"16-08-2023","635.55","635.00","642.00","631.50","461.28K","-0.01%"
"14-08-2023","635.60","643.50","647.95","628.80","746.62K","-2.07%"
"11-08-2023","649.05","655.00","655.00","647.00","331.06K","0.34%"
"10-08-2023","646.85","649.00","653.20","644.30","418.73K","0.00%"
"09-08-2023","646.85","653.90","657.85","643.85","471.30K","-0.84%"
"08-08-2023","652.35","650.90","664.00","650.00","678.20K","0.25%"
"07-08-2023","650.70","655.00","655.40","644.10","770.23K","0.16%"
"04-08-2023","649.65","661.95","661.95","644.00","447.63K","-0.89%"
"03-08-2023","655.50","653.55","663.65","644.00","528.71K","0.54%"
"02-08-2023","652.00","667.00","669.00","645.55","728.09K","-1.46%"
"01-08-2023","661.65","667.95","670.80","658.00","792.30K","-0.31%"
"31-07-2023","663.70","665.00","668.85","660.05","665.84K","0.89%"
"28-07-2023","657.85","661.00","662.00","654.00","441.30K","0.52%"
"27-07-2023","654.45","664.65","666.00","652.50","617.88K","-1.42%"
"26-07-2023","663.85","673.10","678.40","652.65","2.62M","0.18%"
"25-07-2023","662.65","631.15","662.65","628.00","1.55M","5.00%"
"24-07-2023","631.10","640.95","642.00","629.10","431.95K","-0.80%"
"21-07-2023","636.20","639.85","641.65","635.00","367.87K","-0.60%"
"20-07-2023","640.05","641.15","644.80","638.50","350.26K","-0.17%"
"19-07-2023","641.15","649.00","649.70","640.00","391.33K","-0.71%"
"18-07-2023","645.75","649.80","660.95","642.10","1.25M","-0.19%"
"17-07-2023","647.00","643.50","656.00","639.00","637.30K","2.07%"
"14-07-2023","633.90","630.00","638.00","625.00","681.43K","0.58%"
"13-07-2023","630.25","638.00","638.00","630.00","583.02K","-0.86%"
"12-07-2023","635.70","642.50","645.00","632.30","575.10K","-0.81%"
"11-07-2023","640.90","645.95","646.00","640.00","432.50K","0.22%"
"10-07-2023","639.50","640.00","651.95","635.55","683.70K","-0.58%"
"07-07-2023","643.25","642.55","648.00","642.00","495.23K","-0.85%"
"06-07-2023","648.75","648.00","653.20","646.15","433.43K","-0.18%"
"05-07-2023","649.90","650.15","653.00","645.05","510.28K","-0.04%"
"04-07-2023","650.15","658.00","662.00","648.70","587.02K","-1.15%"
"03-07-2023","657.70","664.00","664.00","655.00","670.51K","0.47%"
"30-06-2023","654.60","664.60","669.65","650.10","1.16M","0.02%"
"28-06-2023","654.50","651.00","658.90","643.00","1.49M","2.03%"
"27-06-2023","641.50","647.05","652.00","639.00","591.69K","-0.39%"
"26-06-2023","644.00","632.00","651.95","620.05","1.10M","1.53%"
"23-06-2023","634.30","658.00","658.00","630.00","2.02M","-3.18%"
"22-06-2023","655.15","659.95","666.00","653.05","712.54K","-0.10%"
"21-06-2023","655.80","659.40","661.50","653.00","801.02K","-0.43%"
"20-06-2023","658.60","659.70","664.40","654.00","662.11K","0.16%"
"19-06-2023","657.55","674.05","675.90","655.00","1.27M","-2.04%"
"16-06-2023","671.25","676.40","682.20","669.55","1.01M","0.32%"
"15-06-2023","669.10","658.95","683.00","656.10","1.89M","2.25%"
"14-06-2023","654.35","663.15","666.00","653.10","1.05M","-1.33%"
"13-06-2023","663.15","672.85","673.00","662.00","944.85K","-1.05%"
"12-06-2023","670.20","674.40","675.00","669.00","659.29K","0.16%"
"09-06-2023","669.10","675.00","675.00","667.00","710.45K","-0.27%"
"08-06-2023","670.90","680.00","684.95","668.00","1.76M","-1.35%"
"07-06-2023","680.05","684.70","685.70","675.00","1.61M","0.24%"
"06-06-2023","678.40","694.00","698.00","676.20","1.60M","-0.45%"
"05-06-2023","681.50","681.55","696.60","675.50","3.12M","1.05%"
"02-06-2023","674.40","694.35","702.40","668.00","4.37M","-2.87%"
"01-06-2023","694.35","653.00","697.35","650.55","16.59M","4.55%"
"31-05-2023","664.15","675.00","689.90","663.15","32.05M","-4.86%"
"30-05-2023","698.05","728.95","728.95","692.75","3.64M","-4.27%"
"29-05-2023","729.20","732.20","766.45","725.00","2.63M","-4.14%"
"26-05-2023","760.70","803.95","806.65","756.60","2.60M","-4.48%"
"25-05-2023","796.40","811.40","823.40","770.05","4.02M","-0.01%"
"24-05-2023","796.50","796.50","796.50","759.00","6.32M","5.00%"
"23-05-2023","758.60","758.60","758.60","758.60","228.58K","5.00%"
"22-05-2023","722.50","722.45","722.50","711.60","701.99K","5.00%"
"19-05-2023","688.10","633.35","699.95","633.35","11.38M","3.22%"
"18-05-2023","666.65","671.00","682.70","666.65","2.97M","-5.00%"
"17-05-2023","701.70","711.70","722.90","701.70","1.68M","-5.00%"
"16-05-2023","738.60","752.25","777.45","738.60","1.88M","-5.00%"
"15-05-2023","777.45","832.05","837.25","777.45","1.71M","-5.00%"
"12-05-2023","818.35","812.30","860.00","812.30","2.63M","-4.29%"
"11-05-2023","855.05","845.85","859.30","837.60","609.71K","2.27%"
"10-05-2023","836.10","846.60","858.95","835.00","565.08K","-1.06%"
"09-05-2023","845.10","839.00","883.35","839.00","1.02M","-3.18%"
"08-05-2023","872.90","880.00","887.80","872.90","1.28M","-5.00%"
"05-05-2023","918.80","938.00","939.00","915.40","288.69K","-1.23%"
"04-05-2023","930.20","916.00","935.00","911.70","335.82K","0.79%"
"03-05-2023","922.95","958.00","958.00","915.85","716.25K","-3.76%"
"02-05-2023","959.05","950.00","990.00","941.20","1.28M","1.49%"
"28-04-2023","945.00","925.00","952.85","917.35","1.12M","3.04%"
"27-04-2023","917.10","915.00","925.00","910.00","231.72K","-0.32%"
"26-04-2023","920.05","945.00","946.85","915.40","507.58K","-1.63%"
"25-04-2023","935.25","895.00","935.70","890.00","730.20K","4.95%"
"24-04-2023","891.15","919.00","922.85","889.00","384.33K","-2.90%"
"21-04-2023","917.80","931.80","932.00","908.00","314.02K","-1.12%"
"20-04-2023","928.20","932.00","939.00","920.70","346.51K","-0.23%"
"19-04-2023","930.35","954.40","954.40","924.00","531.46K","-1.87%"
"18-04-2023","948.05","954.00","972.00","938.00","762.63K","0.13%"
"17-04-2023","946.80","926.60","959.00","908.35","999.92K","3.57%"
"13-04-2023","914.15","937.75","946.00","903.00","1.34M","-2.63%"
"12-04-2023","938.85","994.00","994.00","926.05","2.78M","-1.32%"
"11-04-2023","951.45","924.30","951.45","920.00","378.15K","5.00%"
"10-04-2023","906.15","869.40","906.15","869.40","1.17M","5.00%"
"06-04-2023","863.00","840.00","863.00","812.45","909.08K","4.99%"
"05-04-2023","821.95","844.20","858.80","805.00","1.02M","-2.77%"
"03-04-2023","845.35","872.95","884.20","837.10","973.80K","-2.58%"
"31-03-2023","867.75","888.00","910.00","858.55","1.20M","-0.45%"
"29-03-2023","871.70","864.45","929.95","864.45","3.00M","-4.20%"
"28-03-2023","909.95","925.00","928.95","909.95","267.73K","-5.00%"
"27-03-2023","957.85","1,027.60","1,040.00","957.10","2.10M","-4.92%"
"24-03-2023","1,007.45","1,018.00","1,031.15","944.00","5.02M","2.59%"
"23-03-2023","982.05","955.00","982.05","954.05","1.44M","5.00%"
"22-03-2023","935.30","906.70","935.30","905.00","1.94M","5.00%"
"21-03-2023","890.80","853.00","895.50","816.75","2.29M","4.44%"
"20-03-2023","852.90","879.00","879.00","852.90","1.13M","-5.00%"
"17-03-2023","897.75","911.80","925.00","890.00","1.41M","1.05%"
"16-03-2023","888.40","899.00","936.00","880.00","2.56M","-3.42%"
"15-03-2023","919.85","899.85","989.00","899.85","6.33M","-2.89%"
"14-03-2023","947.20","947.20","995.00","947.20","873.56K","-5.00%"
"13-03-2023","997.05","997.05","997.05","997.05","467.74K","5.00%"
"10-03-2023","949.60","910.00","949.60","865.55","2.50M","5.00%"
"09-03-2023","904.40","904.40","904.40","883.20","1.26M","5.00%"
"08-03-2023","861.35","848.00","861.35","836.80","1.44M","5.00%"
"06-03-2023","820.35","802.80","820.35","796.95","3.15M","5.00%"
"03-03-2023","781.30","773.00","781.30","755.30","3.49M","5.00%"
"02-03-2023","744.10","712.00","747.20","681.15","4.15M","4.56%"
"01-03-2023","711.65","650.00","712.45","650.00","7.39M","4.88%"
"28-02-2023","678.55","678.55","678.55","678.55","908.34K","-5.00%"
"27-02-2023","714.25","714.25","714.25","714.25","174.89K","-4.99%"
"24-02-2023","751.80","751.80","751.80","751.80","141.44K","-5.00%"
"23-02-2023","791.35","791.35","791.35","791.35","52.04K","-5.00%"
"22-02-2023","833.00","833.00","833.00","833.00","61.10K","-5.00%"
"21-02-2023","876.80","876.80","876.80","876.80","124.31K","-5.00%"
"20-02-2023","922.95","922.95","922.95","922.95","68.31K","-5.00%"
"17-02-2023","971.50","992.30","1,015.40","971.50","1.30M","-5.00%"
"16-02-2023","1,022.60","1,022.60","1,130.20","1,022.60","5.92M","-5.00%"
"15-02-2023","1,076.40","1,076.40","1,076.40","1,076.40","74.78K","-5.00%"
"14-02-2023","1,133.05","1,133.05","1,133.05","1,133.05","52.11K","-5.00%"
"13-02-2023","1,192.65","1,192.65","1,192.65","1,192.65","45.00K","-5.00%"
"10-02-2023","1,255.40","1,255.40","1,255.40","1,255.40","51.73K","-5.00%"
"09-02-2023","1,321.45","1,321.45","1,321.45","1,321.45","200.13K","-5.00%"
"08-02-2023","1,391.00","1,391.00","1,391.00","1,391.00","420.77K","-5.00%"
"07-02-2023","1,464.20","1,464.20","1,519.00","1,464.20","3.56M","-5.00%"
"06-02-2023","1,541.25","1,541.25","1,541.25","1,541.25","77.66K","-5.00%"
"03-02-2023","1,622.35","1,622.35","1,622.35","1,622.35","62.46K","-5.00%"
"02-02-2023","1,707.70","1,707.70","1,707.70","1,707.70","64.28K","-10.00%"
"01-02-2023","1,897.40","1,951.00","1,998.80","1,897.40","1.57M","-10.00%"
"31-01-2023","2,108.20","2,145.00","2,155.00","2,108.20","531.33K","-10.00%"
"30-01-2023","2,342.40","2,501.00","2,538.00","2,342.40","1.89M","-20.00%"
"27-01-2023","2,928.00","3,477.00","3,477.00","2,928.00","1.24M","-20.00%"
"25-01-2023","3,660.00","3,870.00","3,884.85","3,600.00","515.36K","-5.95%"
"24-01-2023","3,891.75","3,936.00","3,940.00","3,851.00","350.18K","-0.24%"
"23-01-2023","3,901.10","3,939.00","4,000.00","3,865.15","564.58K","-0.45%"
"20-01-2023","3,918.90","3,835.55","3,935.00","3,802.00","447.52K","2.17%"
"19-01-2023","3,835.55","3,785.00","3,879.00","3,735.00","461.23K","0.79%"
"18-01-2023","3,805.45","3,862.15","3,884.00","3,776.00","487.21K","-1.16%"
"17-01-2023","3,850.00","3,727.70","3,899.00","3,695.05","732.00K","3.20%"
"16-01-2023","3,730.70","3,693.70","3,739.90","3,652.00","180.70K","0.42%"
"13-01-2023","3,715.10","3,649.95","3,742.00","3,615.60","566.84K","1.81%"
"12-01-2023","3,649.05","3,599.00","3,675.00","3,552.00","453.40K","0.90%"
"11-01-2023","3,616.50","3,656.40","3,668.00","3,572.55","302.29K","-1.09%"
"10-01-2023","3,656.40","3,630.00","3,699.00","3,490.00","445.19K","0.76%"
"09-01-2023","3,629.00","3,591.00","3,666.00","3,576.60","471.68K","2.07%"
"06-01-2023","3,555.40","3,626.00","3,629.95","3,521.00","283.87K","-2.15%"
"05-01-2023","3,633.70","3,509.90","3,669.95","3,472.05","468.17K","4.50%"
"04-01-2023","3,477.30","3,584.95","3,599.95","3,450.00","365.88K","-3.37%"
"03-01-2023","3,598.65","3,568.00","3,650.00","3,502.00","307.02K","1.35%"
"02-01-2023","3,550.60","3,700.00","3,730.00","3,530.00","332.65K","-3.85%"
"30-12-2022","3,692.85","3,861.95","3,887.80","3,646.00","686.27K","-2.64%"
"29-12-2022","3,793.00","3,560.00","3,999.00","3,508.00","768.73K","5.19%"
"28-12-2022","3,605.80","3,335.00","3,629.95","3,328.00","768.73K","7.54%"
"27-12-2022","3,352.90","3,328.00","3,374.70","3,286.95","131.99K","1.24%"
"26-12-2022","3,311.70","3,239.95","3,359.70","3,100.10","230.87K","2.45%"
"23-12-2022","3,232.60","3,503.50","3,551.00","3,176.00","417.22K","-8.98%"
"22-12-2022","3,551.55","3,545.00","3,584.00","3,410.30","239.71K","0.19%"
"21-12-2022","3,544.70","3,619.95","3,673.65","3,475.00","328.20K","-1.92%"
"20-12-2022","3,614.20","3,634.45","3,634.45","3,563.20","195.34K","-0.12%"
"19-12-2022","3,618.45","3,584.95","3,650.00","3,571.10","184.71K","0.94%"
"16-12-2022","3,584.80","3,546.95","3,619.00","3,520.00","320.38K","0.96%"
"15-12-2022","3,550.75","3,520.00","3,595.50","3,504.05","268.90K","0.94%"
"14-12-2022","3,517.85","3,589.90","3,652.00","3,461.80","346.57K","-1.91%"
"13-12-2022","3,586.30","3,659.80","3,668.20","3,551.00","346.10K","-1.50%"
"12-12-2022","3,641.00","3,634.95","3,687.25","3,601.65","203.02K","0.54%"
"09-12-2022","3,621.30","3,680.00","3,720.00","3,606.00","242.01K","-1.99%"
"08-12-2022","3,694.90","3,760.40","3,779.00","3,655.50","150.35K","-0.95%"
"07-12-2022","3,730.35","3,716.40","3,786.00","3,691.00","259.62K","0.91%"
"06-12-2022","3,696.85","3,592.20","3,724.70","3,565.55","268.87K","2.97%"
"05-12-2022","3,590.10","3,597.55","3,620.00","3,382.20","276.32K","0.29%"
"02-12-2022","3,579.65","3,634.00","3,645.00","3,525.30","224.34K","-0.91%"
"01-12-2022","3,612.40","3,650.95","3,698.00","3,585.00","151.31K","-0.56%"
"30-11-2022","3,632.75","3,599.95","3,668.00","3,566.15","620.28K","0.91%"
"29-11-2022","3,600.00","3,589.20","3,658.00","3,552.25","184.72K","-0.14%"
"28-11-2022","3,605.15","3,626.00","3,768.20","3,545.20","349.03K","-1.63%"
"25-11-2022","3,664.75","3,741.95","3,745.00","3,631.00","224.38K","-1.78%"
"24-11-2022","3,731.00","3,730.00","3,780.00","3,686.15","125.46K","-0.57%"
"23-11-2022","3,752.45","3,685.55","3,794.75","3,671.45","205.49K","2.21%"
"22-11-2022","3,671.40","3,661.00","3,685.00","3,581.00","164.10K","0.28%"
"21-11-2022","3,661.00","3,615.00","3,688.00","3,560.00","136.43K","0.45%"
"18-11-2022","3,644.65","3,767.25","3,773.80","3,608.00","219.39K","-2.90%"
"17-11-2022","3,753.45","3,808.95","3,859.20","3,715.00","246.29K","-1.48%"
"16-11-2022","3,809.65","3,865.00","3,880.00","3,752.00","316.61K","-1.95%"
"15-11-2022","3,885.30","3,888.35","3,912.40","3,811.00","237.58K","0.39%"
"14-11-2022","3,870.30","3,805.00","3,888.00","3,770.05","218.41K","1.83%"
"11-11-2022","3,800.60","3,725.65","3,810.50","3,722.00","248.08K","2.52%"
"10-11-2022","3,707.10","3,790.00","3,820.00","3,663.40","252.73K","-2.32%"
"09-11-2022","3,795.20","3,800.40","3,891.25","3,720.10","422.18K","-0.14%"
"07-11-2022","3,800.40","3,759.00","3,845.00","3,690.70","529.32K","1.09%"
"04-11-2022","3,759.25","3,659.00","3,800.00","3,501.00","349.78K","2.69%"
"03-11-2022","3,660.90","3,620.00","3,688.35","3,557.00","256.24K","0.65%"
"02-11-2022","3,637.30","3,679.90","3,693.05","3,602.10","280.17K","-1.19%"
"01-11-2022","3,681.20","3,620.90","3,720.50","3,537.05","369.94K","2.17%"
"31-10-2022","3,602.85","3,460.00","3,658.70","3,423.00","284.61K","4.61%"
"28-10-2022","3,444.05","3,525.30","3,525.30","3,421.60","312.60K","-1.82%"
"27-10-2022","3,507.75","3,403.20","3,549.00","3,395.00","684.86K","3.69%"
"25-10-2022","3,382.95","3,283.65","3,433.95","3,251.00","216.33K","3.54%"
"24-10-2022","3,267.30","3,280.00","3,291.15","3,240.05","29.27K","0.17%"
"21-10-2022","3,261.75","3,293.50","3,293.50","3,186.50","174.26K","-0.47%"
"20-10-2022","3,277.10","3,150.00","3,325.15","3,141.15","422.77K","3.48%"
"19-10-2022","3,166.85","3,168.65","3,238.35","3,121.10","467.96K","0.44%"
"18-10-2022","3,152.85","3,114.80","3,199.00","3,110.05","295.58K","1.73%"
"17-10-2022","3,099.30","3,047.00","3,135.00","2,976.00","193.75K","1.71%"
"14-10-2022","3,047.15","3,225.00","3,240.00","3,006.00","320.46K","-4.10%"
"13-10-2022","3,177.35","3,190.00","3,238.00","3,151.25","222.74K","-0.80%"
"12-10-2022","3,202.85","3,180.00","3,224.00","3,167.85","329.61K","0.92%"
"11-10-2022","3,173.60","3,200.00","3,219.95","3,150.00","296.17K","0.40%"
"10-10-2022","3,161.00","3,164.20","3,189.00","3,120.00","275.70K","-0.83%"
"07-10-2022","3,187.60","3,304.60","3,304.60","3,137.55","440.35K","-3.64%"
"06-10-2022","3,308.00","3,262.00","3,321.80","3,244.35","462.00K","2.86%"
"04-10-2022","3,216.15","3,182.00","3,263.45","3,102.50","475.01K","3.72%"
"03-10-2022","3,100.80","3,329.90","3,424.65","2,965.65","578.18K","-7.16%"
"30-09-2022","3,339.85","3,344.00","3,416.45","3,251.10","527.57K","-0.96%"
"29-09-2022","3,372.25","3,508.00","3,574.80","3,303.40","2.44M","-2.20%"
"28-09-2022","3,448.05","3,360.00","3,485.00","3,335.00","267.37K","2.05%"
"27-09-2022","3,378.70","3,371.05","3,499.90","3,331.80","483.23K","0.23%"
"26-09-2022","3,371.05","3,500.00","3,527.45","3,275.65","395.28K","-4.91%"
"23-09-2022","3,545.25","3,642.10","3,663.30","3,526.20","143.55K","-2.33%"
"22-09-2022","3,629.90","3,565.00","3,644.95","3,491.00","229.51K","1.81%"
"21-09-2022","3,565.50","3,690.00","3,740.00","3,538.10","368.95K","-2.98%"
"20-09-2022","3,674.95","3,657.95","3,725.00","3,646.05","398.49K","1.52%"
"19-09-2022","3,620.05","3,546.45","3,646.00","3,489.65","267.62K","2.59%"
"16-09-2022","3,528.80","3,608.95","3,631.80","3,469.20","604.56K","-2.01%"
"15-09-2022","3,601.35","3,565.00","3,704.70","3,554.40","326.76K","1.04%"
"14-09-2022","3,564.40","3,570.00","3,620.00","3,550.55","179.83K","-1.12%"
"13-09-2022","3,604.75","3,642.00","3,668.45","3,585.00","220.81K","-0.84%"
"12-09-2022","3,635.40","3,653.75","3,679.85","3,600.00","194.55K","0.06%"
"09-09-2022","3,633.30","3,670.00","3,695.00","3,612.00","204.58K","0.09%"
"08-09-2022","3,629.90","3,685.80","3,712.00","3,605.00","261.33K","-0.86%"
"07-09-2022","3,661.25","3,680.00","3,764.95","3,642.00","330.91K","-0.59%"
"06-09-2022","3,682.85","3,545.95","3,710.00","3,535.95","355.30K","4.31%"
"05-09-2022","3,530.60","3,588.05","3,646.20","3,505.00","249.71K","-2.55%"
"02-09-2022","3,622.85","3,665.00","3,736.00","3,566.00","360.88K","-0.45%"
"01-09-2022","3,639.25","3,684.05","3,727.70","3,580.00","586.99K","-2.82%"
"30-08-2022","3,744.95","3,550.00","3,816.00","3,550.00","1.27M","5.87%"
"29-08-2022","3,537.40","3,301.00","3,550.00","3,301.00","608.81K","2.25%"
"26-08-2022","3,459.65","3,365.50","3,472.00","3,365.50","504.73K","2.81%"
"25-08-2022","3,365.20","3,420.00","3,440.00","3,340.00","185.49K","-1.83%"
"24-08-2022","3,427.80","3,362.35","3,459.00","3,335.00","459.11K","-0.09%"
"23-08-2022","3,430.95","3,300.00","3,448.00","3,239.30","497.09K","1.98%"
"22-08-2022","3,364.30","3,390.90","3,440.00","3,305.00","346.32K","-0.78%"
"19-08-2022","3,390.90","3,480.00","3,491.85","3,328.00","492.66K","-2.09%"
"18-08-2022","3,463.30","3,460.00","3,495.00","3,434.10","582.58K","-0.25%"
"17-08-2022","3,471.85","3,485.70","3,533.45","3,405.00","295.43K","-0.51%"
"16-08-2022","3,489.70","3,438.30","3,498.00","3,415.40","230.77K","1.88%"
"12-08-2022","3,425.40","3,347.00","3,439.80","3,338.35","453.98K","2.18%"
"11-08-2022","3,352.30","3,362.00","3,399.30","3,309.00","473.13K","0.03%"
"10-08-2022","3,351.40","3,388.00","3,390.00","3,271.00","551.86K","-0.40%"
"08-08-2022","3,365.00","3,363.95","3,474.00","3,287.25","514.37K","0.53%"
"05-08-2022","3,347.40","3,365.90","3,378.80","3,302.55","502.62K","-0.07%"
"04-08-2022","3,349.65","3,284.85","3,389.00","3,180.00","672.04K","2.44%"
"03-08-2022","3,269.95","3,240.00","3,299.00","2,811.00","336.68K","0.65%"
"02-08-2022","3,248.85","3,210.00","3,265.55","3,173.20","500.36K","0.97%"
"01-08-2022","3,217.65","3,144.00","3,232.30","3,080.00","495.73K","2.89%"
"29-07-2022","3,127.20","3,035.00","3,158.00","3,014.00","457.76K","4.04%"
"28-07-2022","3,005.90","2,977.00","3,018.00","2,958.30","258.80K","1.55%"
"27-07-2022","2,960.10","2,908.00","2,977.95","2,885.00","310.01K","2.14%"
"26-07-2022","2,898.20","2,890.00","2,912.00","2,841.50","230.81K","0.67%"
"25-07-2022","2,878.85","2,860.00","2,924.20","2,836.85","363.14K","0.16%"
"22-07-2022","2,874.20","2,878.85","2,889.70","2,816.10","339.75K","-0.08%"
"21-07-2022","2,876.60","2,785.00","2,893.00","2,741.05","737.81K","3.48%"
"20-07-2022","2,779.95","2,849.85","2,860.45","2,728.10","341.96K","-1.85%"
"19-07-2022","2,832.35","2,817.00","2,847.00","2,765.10","456.76K","-0.02%"
"18-07-2022","2,832.80","2,832.00","2,859.90","2,767.60","461.19K","0.89%"
"15-07-2022","2,807.70","2,800.00","2,847.65","2,731.05","572.56K","1.55%"
"14-07-2022","2,764.85","2,689.00","2,832.00","2,601.00","592.27K","3.47%"
"13-07-2022","2,672.10","2,830.00","2,867.50","2,646.00","715.24K","-4.48%"
"12-07-2022","2,797.55","2,690.00","2,844.95","2,685.05","931.70K","2.98%"
"11-07-2022","2,716.65","2,550.00","2,775.00","2,502.15","974.39K","6.92%"
"08-07-2022","2,540.80","2,490.00","2,564.00","2,470.50","230.64K","2.21%"
"07-07-2022","2,485.75","2,499.85","2,546.00","2,465.05","160.66K","0.42%"
"06-07-2022","2,475.35","2,426.80","2,487.80","2,410.45","257.99K","2.69%"
"05-07-2022","2,410.45","2,400.05","2,434.80","2,362.45","355.96K","0.57%"
"04-07-2022","2,396.80","2,405.60","2,429.90","2,377.00","322.32K","0.33%"
"01-07-2022","2,389.00","2,392.55","2,442.95","2,370.00","436.50K","-0.16%"
"30-06-2022","2,392.90","2,424.00","2,445.00","2,371.55","627.11K","1.93%"
"29-06-2022","2,347.70","2,350.00","2,464.00","2,330.75","535.71K","-1.95%"
"28-06-2022","2,394.40","2,285.00","2,410.00","2,230.00","474.02K","4.57%"
"27-06-2022","2,289.80","2,301.95","2,319.85","2,262.20","200.44K","-0.08%"
"24-06-2022","2,291.60","2,284.90","2,335.00","2,265.00","323.81K","1.19%"
"23-06-2022","2,264.65","2,290.00","2,320.00","2,195.85","703.03K","-0.27%"
"22-06-2022","2,270.80","2,380.00","2,458.80","2,231.00","1.63M","-4.70%"
"21-06-2022","2,382.90","2,000.50","2,387.00","1,980.15","1.05M","19.79%"
"20-06-2022","1,989.20","2,152.00","2,177.00","1,948.00","559.21K","-7.44%"
"17-06-2022","2,149.05","2,330.00","2,353.25","2,062.25","1.10M","-9.57%"
"16-06-2022","2,376.50","2,375.00","2,410.00","2,241.90","478.33K","1.05%"
"15-06-2022","2,351.80","2,383.70","2,419.95","2,332.00","311.85K","-0.96%"
"14-06-2022","2,374.70","2,325.00","2,400.00","2,302.00","268.06K","1.59%"
"13-06-2022","2,337.55","2,335.10","2,407.45","2,321.30","287.80K","-2.53%"
"10-06-2022","2,398.30","2,430.00","2,485.00","2,370.90","318.81K","-3.99%"
"09-06-2022","2,498.05","2,429.00","2,515.00","2,411.30","281.26K","2.07%"
"08-06-2022","2,447.35","2,480.15","2,524.90","2,426.20","268.96K","-2.06%"
"07-06-2022","2,498.95","2,480.00","2,585.60","2,401.00","430.80K","0.76%"
"06-06-2022","2,480.10","2,379.00","2,511.20","2,284.00","266.57K","3.75%"
"03-06-2022","2,390.45","2,467.00","2,467.00","2,353.10","388.29K","-2.27%"
"02-06-2022","2,445.85","2,330.00","2,495.25","2,295.15","487.75K","5.16%"
"01-06-2022","2,325.90","2,380.90","2,458.60","2,276.00","705.86K","-3.00%"
"31-05-2022","2,397.90","2,580.00","2,624.00","2,335.90","1.52M","-7.40%"
"30-05-2022","2,589.50","2,468.00","2,610.00","2,465.05","357.49K","5.42%"
"27-05-2022","2,456.45","2,440.00","2,485.75","2,360.00","308.23K","2.72%"
"26-05-2022","2,391.35","2,230.00","2,438.60","2,145.00","365.37K","7.87%"
"25-05-2022","2,216.95","2,315.00","2,328.00","2,185.70","304.53K","-4.78%"
"24-05-2022","2,328.25","2,377.00","2,394.95","2,290.00","295.78K","-0.14%"
"23-05-2022","2,331.60","2,400.00","2,434.70","2,311.20","292.94K","-2.05%"
"20-05-2022","2,380.35","2,449.80","2,460.00","2,355.80","444.44K","0.08%"
"19-05-2022","2,378.50","2,419.00","2,449.90","2,350.00","210.24K","-4.31%"
"18-05-2022","2,485.70","2,543.00","2,561.95","2,460.00","412.95K","-0.59%"
"17-05-2022","2,500.50","2,414.15","2,518.00","2,385.15","371.04K","4.69%"
"16-05-2022","2,388.55","2,340.00","2,424.80","2,312.35","154.09K","0.82%"
"13-05-2022","2,369.10","2,311.00","2,490.00","2,311.00","554.24K","3.27%"
"12-05-2022","2,294.10","2,362.50","2,398.00","2,166.05","602.56K","-2.59%"
"11-05-2022","2,355.05","2,345.00","2,454.00","2,236.05","508.76K","-0.24%"
"10-05-2022","2,360.65","2,376.15","2,438.00","2,301.00","469.69K","-0.61%"
"09-05-2022","2,375.25","2,400.00","2,423.40","2,300.00","305.94K","-2.56%"
"06-05-2022","2,437.65","2,375.00","2,476.00","2,370.15","359.82K","-0.52%"
"05-05-2022","2,450.50","2,375.05","2,495.00","2,361.05","416.55K","0.14%"
"04-05-2022","2,447.05","2,450.00","2,504.95","2,434.05","310.20K","-1.65%"
"02-05-2022","2,488.20","2,451.00","2,520.00","2,442.15","305.25K","1.52%"
"29-04-2022","2,450.95","2,599.40","2,609.70","2,373.70","659.46K","-4.36%"
"28-04-2022","2,562.60","2,553.00","2,628.00","2,532.10","465.69K","2.38%"
"27-04-2022","2,503.00","2,573.05","2,580.00","2,448.65","345.20K","-2.32%"
"26-04-2022","2,562.50","2,478.15","2,595.00","2,430.00","702.99K","5.89%"
"25-04-2022","2,420.00","2,419.00","2,474.75","2,400.00","268.34K","0.29%"
"22-04-2022","2,413.00","2,420.00","2,480.00","2,393.00","197.10K","-1.24%"
"21-04-2022","2,443.35","2,509.00","2,530.00","2,415.20","292.02K","-1.41%"
"20-04-2022","2,478.40","2,421.00","2,500.00","2,415.00","290.67K","4.60%"
"19-04-2022","2,369.40","2,522.00","2,552.00","2,300.00","420.81K","-5.03%"
"18-04-2022","2,495.00","2,482.50","2,520.05","2,322.70","288.49K","-0.23%"
"13-04-2022","2,500.85","2,545.00","2,569.95","2,465.45","213.50K","-0.05%"
"12-04-2022","2,502.05","2,700.00","2,740.00","2,454.05","804.61K","-6.11%"
"11-04-2022","2,665.00","2,469.00","2,669.80","2,469.00","553.15K","9.80%"
"08-04-2022","2,427.10","2,399.80","2,450.00","2,378.85","159.99K","2.73%"
"07-04-2022","2,362.70","2,530.00","2,600.00","2,303.00","506.68K","-6.87%"
"06-04-2022","2,536.95","2,489.95","2,560.00","2,468.15","343.76K","2.79%"
"05-04-2022","2,468.15","2,366.80","2,485.00","2,310.00","267.15K","4.15%"
"04-04-2022","2,369.80","2,280.00","2,382.00","2,268.00","274.46K","5.35%"
"01-04-2022","2,249.50","2,178.55","2,281.00","2,155.65","239.88K","4.64%"
"31-03-2022","2,149.80","2,100.00","2,208.95","2,096.00","241.99K","1.18%"
"30-03-2022","2,124.65","2,179.00","2,242.90","2,070.00","233.13K","-2.57%"
"29-03-2022","2,180.80","2,179.00","2,190.00","2,090.00","239.91K","1.85%"
"28-03-2022","2,141.20","2,095.00","2,221.95","2,080.00","370.49K","4.21%"
"25-03-2022","2,054.60","2,015.00","2,069.00","1,977.75","205.34K","3.78%"
"24-03-2022","1,979.75","1,910.00","1,992.90","1,855.00","294.15K","4.31%"
"23-03-2022","1,898.00","1,889.00","1,914.00","1,845.00","411.44K","0.75%"
"22-03-2022","1,883.95","1,845.45","1,904.85","1,805.00","334.09K","3.85%"
"21-03-2022","1,814.15","1,810.20","1,836.90","1,790.65","157.86K","2.68%"
"17-03-2022","1,766.80","1,701.25","1,769.35","1,682.25","706.01K","4.85%"
"16-03-2022","1,685.10","1,631.00","1,696.90","1,631.00","308.78K","3.74%"
"15-03-2022","1,624.40","1,655.00","1,673.00","1,610.00","242.93K","-1.57%"
"14-03-2022","1,650.35","1,664.90","1,677.30","1,642.05","277.78K","-0.69%"
"11-03-2022","1,661.85","1,686.15","1,714.00","1,649.25","135.45K","-2.02%"
"10-03-2022","1,696.05","1,644.90","1,696.10","1,622.05","358.38K","5.00%"
"09-03-2022","1,615.35","1,650.00","1,695.40","1,601.00","169.16K","-0.88%"
"08-03-2022","1,629.65","1,692.00","1,755.05","1,629.25","263.88K","-4.97%"
"07-03-2022","1,714.95","1,769.10","1,789.80","1,714.95","162.24K","-5.00%"
"04-03-2022","1,805.20","1,769.95","1,838.00","1,733.00","307.02K","3.08%"
"03-03-2022","1,751.25","1,735.00","1,751.25","1,701.30","134.85K","5.00%"
"02-03-2022","1,667.90","1,592.00","1,667.90","1,550.30","123.18K","5.00%"
"28-02-2022","1,588.50","1,524.70","1,604.95","1,510.30","305.35K","0.97%"
"25-02-2022","1,573.20","1,566.25","1,625.00","1,550.00","101.27K","0.52%"
"24-02-2022","1,565.05","1,561.00","1,614.50","1,559.75","133.53K","-4.67%"
"23-02-2022","1,641.80","1,595.00","1,666.85","1,580.00","104.40K","3.42%"
"22-02-2022","1,587.50","1,545.00","1,598.00","1,511.55","80.78K","-0.23%"
"21-02-2022","1,591.10","1,675.00","1,675.00","1,581.95","65.24K","-4.45%"
"18-02-2022","1,665.20","1,697.00","1,726.85","1,650.00","61.17K","-3.57%"
"17-02-2022","1,726.85","1,709.00","1,747.90","1,681.00","145.97K","2.40%"
"16-02-2022","1,686.35","1,728.00","1,760.00","1,675.00","92.23K","-2.96%"
"15-02-2022","1,737.70","1,626.70","1,749.00","1,626.70","98.41K","1.48%"
"14-02-2022","1,712.30","1,713.30","1,755.00","1,700.80","153.45K","-4.36%"
"11-02-2022","1,790.30","1,796.90","1,799.00","1,731.00","292.37K","-1.12%"
"10-02-2022","1,810.55","1,769.00","1,830.00","1,676.75","347.97K","2.58%"
"09-02-2022","1,765.00","1,805.00","1,821.00","1,750.00","255.48K","-2.43%"
"08-02-2022","1,809.05","1,820.15","1,835.00","1,780.00","81.28K","-0.61%"
"07-02-2022","1,820.15","1,876.00","1,879.00","1,801.00","76.64K","-1.67%"
"04-02-2022","1,851.10","1,868.00","1,870.00","1,830.00","235.78K","-0.03%"
"03-02-2022","1,851.65","1,845.00","1,869.95","1,783.25","258.85K","-1.36%"
"02-02-2022","1,877.10","1,880.00","1,880.00","1,861.00","280.99K","0.67%"
"01-02-2022","1,864.65","1,830.00","1,880.00","1,830.00","349.74K","2.38%"
"31-01-2022","1,821.25","1,847.00","1,888.00","1,802.00","178.62K","-0.53%"
"28-01-2022","1,830.90","1,835.00","1,864.95","1,810.15","250.66K","0.01%"
"27-01-2022","1,830.75","1,839.00","1,850.05","1,780.00","288.69K","0.30%"
"25-01-2022","1,825.20","1,750.00","1,848.90","1,700.00","231.20K","2.47%"
"24-01-2022","1,781.15","1,844.90","1,844.90","1,735.95","223.55K","-2.53%"
"21-01-2022","1,827.30","1,804.00","1,890.00","1,745.00","287.54K","1.31%"
"20-01-2022","1,803.70","1,780.05","1,810.00","1,765.00","64.95K","0.49%"
"19-01-2022","1,794.90","1,818.00","1,820.00","1,761.00","40.54K","-1.13%"
"18-01-2022","1,815.45","1,798.80","1,822.00","1,780.00","75.76K","0.93%"
"17-01-2022","1,798.80","1,840.00","1,840.00","1,776.20","198.01K","-0.39%"
"14-01-2022","1,805.85","1,828.00","1,828.00","1,785.00","151.88K","-0.85%"
"13-01-2022","1,821.25","1,800.00","1,833.00","1,775.00","108.50K","1.37%"
"12-01-2022","1,796.70","1,800.00","1,805.00","1,765.00","121.93K","0.94%"
"11-01-2022","1,779.95","1,790.00","1,798.65","1,740.25","178.09K","0.94%"
"10-01-2022","1,763.35","1,790.10","1,809.80","1,750.00","53.43K","-1.37%"
"07-01-2022","1,787.80","1,801.00","1,820.00","1,765.00","53.57K","-0.59%"
"06-01-2022","1,798.50","1,760.00","1,800.00","1,731.70","272.34K","1.51%"
"05-01-2022","1,771.70","1,725.00","1,774.90","1,725.00","368.31K","1.01%"
"04-01-2022","1,753.95","1,752.00","1,769.90","1,715.00","431.31K","0.58%"
"03-01-2022","1,743.80","1,685.05","1,770.00","1,685.05","332.11K","1.28%"
"31-12-2021","1,721.80","1,701.00","1,740.00","1,681.10","271.00K","2.34%"
"30-12-2021","1,682.40","1,726.00","1,762.55","1,662.00","402.88K","-3.82%"
"29-12-2021","1,749.20","1,760.00","1,772.00","1,730.00","239.22K","-0.73%"
"28-12-2021","1,762.05","1,784.00","1,798.00","1,728.00","62.28K","-0.43%"
"27-12-2021","1,769.65","1,705.00","1,783.00","1,665.00","71.98K","3.34%"
"24-12-2021","1,712.40","1,720.05","1,745.00","1,678.00","47.72K","-2.28%"
"23-12-2021","1,752.30","1,800.00","1,800.00","1,725.00","83.15K","0.79%"
"22-12-2021","1,738.60","1,700.00","1,781.50","1,620.10","126.28K","2.36%"
"21-12-2021","1,698.45","1,680.15","1,818.00","1,680.15","104.03K","-3.96%"
"20-12-2021","1,768.55","1,768.55","1,789.00","1,768.55","38.15K","-5.00%"
"17-12-2021","1,861.60","1,875.00","1,977.00","1,819.95","390.89K","-2.82%"
"16-12-2021","1,915.70","1,975.00","1,987.10","1,848.00","178.66K","-1.52%"
"15-12-2021","1,945.25","1,896.00","1,950.00","1,860.00","74.68K","2.39%"
"14-12-2021","1,899.80","1,810.00","1,900.50","1,770.75","183.22K","4.96%"
"13-12-2021","1,810.00","1,870.00","1,870.00","1,760.00","193.94K","-0.82%"
"10-12-2021","1,825.00","1,730.00","1,840.00","1,725.10","243.34K","3.46%"
"09-12-2021","1,763.90","1,703.00","1,770.00","1,672.20","171.70K","4.43%"
"08-12-2021","1,689.05","1,635.00","1,709.00","1,630.00","169.49K","3.72%"
"07-12-2021","1,628.40","1,589.20","1,635.00","1,545.00","152.77K","4.31%"
"06-12-2021","1,561.05","1,592.75","1,620.00","1,513.15","133.88K","-1.99%"
"03-12-2021","1,592.75","1,665.00","1,669.00","1,580.00","149.22K","-3.92%"
"02-12-2021","1,657.75","1,640.00","1,671.20","1,615.00","491.51K","1.95%"
"01-12-2021","1,626.10","1,620.00","1,660.00","1,583.85","472.90K","1.64%"
"30-11-2021","1,599.85","1,556.00","1,657.00","1,556.00","1.39M","1.28%"
"29-11-2021","1,579.60","1,590.35","1,600.00","1,563.35","560.21K","-4.01%"
"26-11-2021","1,645.60","1,591.25","1,659.00","1,591.25","802.82K","-1.50%"
"25-11-2021","1,670.70","1,670.00","1,675.00","1,643.05","78.13K","0.87%"
"24-11-2021","1,656.25","1,685.00","1,685.00","1,631.00","69.54K","-1.06%"
"23-11-2021","1,674.05","1,612.00","1,682.00","1,612.00","534.11K","1.18%"
"22-11-2021","1,654.55","1,635.00","1,660.00","1,610.00","512.28K","-0.15%"
"18-11-2021","1,657.10","1,636.20","1,665.00","1,600.00","612.01K","1.28%"
"17-11-2021","1,636.20","1,649.00","1,660.00","1,611.00","593.19K","-0.76%"
"16-11-2021","1,648.75","1,626.00","1,660.00","1,626.00","703.39K","0.16%"
"15-11-2021","1,646.15","1,680.00","1,710.00","1,595.55","505.51K","-1.03%"
"12-11-2021","1,663.25","1,666.00","1,715.00","1,643.00","177.81K","0.26%"
"11-11-2021","1,658.90","1,632.00","1,664.00","1,578.15","690.96K","2.96%"
"10-11-2021","1,611.15","1,580.00","1,625.00","1,577.05","146.07K","2.29%"
"09-11-2021","1,575.10","1,515.00","1,576.65","1,506.75","257.70K","4.89%"
"08-11-2021","1,501.60","1,415.00","1,505.60","1,415.00","396.79K","4.72%"
"04-11-2021","1,433.95","1,450.00","1,464.00","1,430.00","9.42K","-1.24%"
"03-11-2021","1,452.00","1,447.00","1,465.00","1,431.60","163.22K","0.84%"
"02-11-2021","1,439.90","1,440.00","1,457.00","1,410.50","284.96K","0.35%"
"01-11-2021","1,434.85","1,374.55","1,459.00","1,374.55","451.96K","-0.32%"
"29-10-2021","1,439.45","1,366.65","1,455.00","1,360.00","189.94K","2.17%"
"28-10-2021","1,408.90","1,475.10","1,480.00","1,401.35","487.53K","-4.49%"
"27-10-2021","1,475.10","1,450.00","1,483.70","1,435.00","711.67K","2.86%"
"26-10-2021","1,434.05","1,436.30","1,470.00","1,411.20","593.25K","-1.45%"
"25-10-2021","1,455.15","1,429.00","1,466.30","1,400.00","608.46K","1.77%"
"22-10-2021","1,429.85","1,460.00","1,460.00","1,393.55","673.48K","-2.52%"
"21-10-2021","1,466.85","1,417.05","1,473.20","1,417.05","904.41K","4.55%"
"20-10-2021","1,403.05","1,430.30","1,439.95","1,390.00","497.98K","-1.26%"
"19-10-2021","1,421.00","1,446.00","1,470.00","1,390.00","72.74K","-1.66%"
"18-10-2021","1,445.05","1,466.50","1,480.00","1,430.00","731.10K","-0.48%"
"14-10-2021","1,452.00","1,430.00","1,460.55","1,426.00","114.60K","0.31%"
"13-10-2021","1,447.50","1,392.30","1,454.00","1,385.00","193.40K","2.92%"
"12-10-2021","1,406.40","1,415.00","1,415.00","1,370.00","86.88K","-0.62%"
"11-10-2021","1,415.20","1,367.10","1,420.00","1,345.00","121.93K","1.51%"
"08-10-2021","1,394.10","1,420.00","1,424.00","1,358.00","473.09K","-2.18%"
"07-10-2021","1,425.20","1,410.00","1,430.80","1,394.00","186.42K","1.23%"
"06-10-2021","1,407.85","1,439.45","1,439.45","1,391.00","90.63K","-0.58%"
"05-10-2021","1,416.10","1,414.95","1,445.00","1,405.00","424.07K","0.44%"
"04-10-2021","1,409.85","1,430.00","1,433.00","1,401.00","366.58K","-0.97%"
"01-10-2021","1,423.60","1,425.00","1,433.10","1,400.05","506.28K","0.03%"
"30-09-2021","1,423.15","1,419.50","1,431.75","1,395.00","575.93K","0.37%"
"29-09-2021","1,417.85","1,383.25","1,425.50","1,350.00","501.52K","0.59%"
"28-09-2021","1,409.50","1,427.95","1,455.00","1,380.00","610.85K","-0.66%"
"27-09-2021","1,418.85","1,380.00","1,422.00","1,380.00","512.85K","1.15%"
"24-09-2021","1,402.70","1,403.00","1,425.20","1,382.00","544.27K","0.01%"
"23-09-2021","1,402.50","1,380.00","1,420.00","1,375.00","533.73K","1.73%"
"22-09-2021","1,378.70","1,390.00","1,416.00","1,370.00","479.99K","-2.05%"
"21-09-2021","1,407.55","1,365.00","1,422.00","1,361.40","396.44K","1.06%"
"20-09-2021","1,392.80","1,350.00","1,446.00","1,341.00","437.65K","-1.11%"
"17-09-2021","1,408.40","1,440.90","1,450.00","1,381.00","828.24K","-1.80%"
"16-09-2021","1,434.25","1,370.00","1,439.00","1,360.35","442.28K","1.92%"
"15-09-2021","1,407.25","1,380.00","1,411.05","1,355.00","219.87K","2.35%"
"14-09-2021","1,375.00","1,369.95","1,385.10","1,340.00","266.03K","-0.05%"
"13-09-2021","1,375.65","1,348.00","1,388.00","1,333.90","372.30K","-1.16%"
"09-09-2021","1,391.75","1,381.00","1,410.00","1,339.00","243.24K","-0.48%"
"08-09-2021","1,398.45","1,267.55","1,400.95","1,267.55","352.72K","4.81%"
"07-09-2021","1,334.25","1,370.00","1,376.40","1,334.25","104.16K","-5.00%"
"06-09-2021","1,404.45","1,467.70","1,467.85","1,403.55","322.77K","-4.94%"
"03-09-2021","1,477.40","1,479.50","1,485.00","1,405.55","336.19K","-0.14%"
"02-09-2021","1,479.50","1,473.00","1,514.00","1,436.55","397.73K","-2.07%"
"01-09-2021","1,510.85","1,525.10","1,525.10","1,461.00","770.28K","4.02%"
"31-08-2021","1,452.50","1,394.00","1,452.55","1,353.00","1.16M","4.99%"
"30-08-2021","1,383.40","1,319.40","1,386.70","1,257.55","363.61K","4.75%"
"27-08-2021","1,320.70","1,369.00","1,369.00","1,238.75","679.28K","1.29%"
"26-08-2021","1,303.90","1,303.90","1,303.90","1,266.70","627.96K","5.00%"
"25-08-2021","1,241.85","1,241.85","1,241.85","1,241.85","118.70K","5.00%"
"24-08-2021","1,182.75","1,182.00","1,182.75","1,170.00","121.45K","5.00%"
"23-08-2021","1,126.45","1,126.00","1,126.45","1,084.00","208.48K","5.00%"
"20-08-2021","1,072.85","1,072.85","1,072.85","1,042.25","151.11K","5.00%"
"18-08-2021","1,021.80","988.50","1,021.80","980.10","206.24K","5.00%"
"17-08-2021","973.15","925.00","974.45","910.00","293.92K","4.86%"
"16-08-2021","928.05","896.70","932.00","896.25","156.48K","1.18%"
"13-08-2021","917.20","908.00","919.00","880.00","122.44K","1.01%"
"12-08-2021","908.00","894.55","911.55","885.00","97.65K","0.88%"
"11-08-2021","900.10","880.00","907.00","843.00","229.68K","1.55%"
"10-08-2021","886.40","926.00","926.00","880.05","155.44K","-3.33%"
"09-08-2021","916.95","924.00","924.75","901.00","85.83K","-0.86%"
"06-08-2021","924.95","886.00","935.00","886.00","186.85K","2.02%"
"05-08-2021","906.65","912.00","917.00","880.00","113.45K","0.41%"
"04-08-2021","902.95","922.00","922.00","883.00","121.87K","0.11%"
"03-08-2021","902.00","882.50","918.00","871.00","208.95K","1.54%"
"02-08-2021","888.35","892.55","905.05","859.55","115.43K","-0.47%"
"30-07-2021","892.55","930.00","930.00","880.05","287.19K","-3.22%"
"29-07-2021","922.20","932.00","938.00","904.00","163.67K","-1.20%"
"28-07-2021","933.40","932.00","941.00","891.00","159.27K","0.25%"
"27-07-2021","931.05","905.00","940.50","880.00","292.82K","2.60%"
"26-07-2021","907.45","879.00","915.00","855.00","194.18K","3.05%"
"23-07-2021","880.60","883.00","889.00","849.90","189.49K","2.86%"
"22-07-2021","856.10","774.95","856.45","774.95","811.31K","4.95%"
"20-07-2021","815.70","812.25","824.80","812.25","633.89K","-4.60%"
"19-07-2021","855.00","898.80","906.00","851.75","337.93K","-4.63%"
"16-07-2021","896.55","886.00","920.00","864.95","231.37K","0.41%"
"15-07-2021","892.90","881.25","900.00","839.00","382.69K","1.32%"
"14-07-2021","881.25","925.00","932.00","877.55","446.36K","-4.60%"
"13-07-2021","923.70","909.30","928.00","890.00","255.74K","1.58%"
"12-07-2021","909.30","927.00","933.00","901.00","257.42K","-0.86%"
"09-07-2021","917.15","938.00","938.40","900.20","213.39K","-0.52%"
"08-07-2021","921.95","898.00","937.00","880.00","345.36K","2.35%"
"07-07-2021","900.80","872.30","910.00","872.30","1.07M","-1.90%"
"06-07-2021","918.20","830.80","918.20","830.80","1.28M","5.00%"
"05-07-2021","874.50","874.50","874.50","874.50","64.44K","-5.00%"
"02-07-2021","920.50","920.50","920.50","920.50","70.87K","-5.00%"
"01-07-2021","968.90","968.90","968.90","968.90","53.12K","-5.00%"
"30-06-2021","1,019.85","1,019.85","1,019.85","1,019.85","111.65K","-5.00%"
"29-06-2021","1,073.50","1,073.50","1,073.50","1,073.50","149.80K","-5.00%"
"28-06-2021","1,129.95","1,129.95","1,129.95","1,129.95","109.50K","-5.00%"
"25-06-2021","1,189.40","1,189.40","1,189.40","1,189.40","99.25K","-5.00%"
"24-06-2021","1,251.95","1,252.00","1,259.90","1,251.95","121.03K","-5.01%"
"23-06-2021","1,318.05","1,399.00","1,416.00","1,318.05","579.24K","-5.00%"
"22-06-2021","1,387.40","1,379.00","1,387.40","1,348.00","845.05K","5.00%"
"21-06-2021","1,321.35","1,195.55","1,321.35","1,195.55","1.40M","5.00%"
"18-06-2021","1,258.45","1,258.45","1,258.45","1,258.45","344.22K","-5.00%"
"17-06-2021","1,324.65","1,324.65","1,324.65","1,324.65","28.77K","-5.00%"
"16-06-2021","1,394.35","1,394.35","1,394.35","1,394.35","233.89K","-5.00%"
"15-06-2021","1,467.70","1,467.70","1,480.00","1,467.70","1.01M","-5.00%"
"14-06-2021","1,544.90","1,544.90","1,544.90","1,544.90","99.58K","-5.00%"
"11-06-2021","1,626.20","1,605.00","1,632.50","1,591.00","871.07K","2.02%"
"10-06-2021","1,594.05","1,620.00","1,622.40","1,580.00","921.19K","0.37%"
"09-06-2021","1,588.20","1,650.00","1,650.00","1,581.00","848.95K","-3.21%"
"08-06-2021","1,640.85","1,634.00","1,655.00","1,585.00","1.43M","0.85%"
"07-06-2021","1,626.95","1,634.00","1,677.00","1,555.50","1.59M","-0.64%"
"04-06-2021","1,637.50","1,650.00","1,678.00","1,606.10","1.74M","1.06%"
"03-06-2021","1,620.40","1,611.45","1,679.00","1,531.10","2.84M","2.57%"
"02-06-2021","1,579.85","1,453.00","1,584.65","1,449.85","2.77M","9.67%"
"01-06-2021","1,440.60","1,360.00","1,452.00","1,356.05","2.21M","6.80%"
"31-05-2021","1,348.85","1,339.90","1,362.00","1,318.65","856.72K","0.53%"
"28-05-2021","1,341.70","1,325.00","1,349.05","1,315.70","812.71K","-0.92%"
"27-05-2021","1,354.20","1,340.00","1,394.95","1,305.55","31.73M","2.00%"
"26-05-2021","1,327.60","1,309.00","1,335.00","1,265.00","1.09M","2.56%"
"25-05-2021","1,294.40","1,340.00","1,340.00","1,227.35","2.70M","-2.25%"
"24-05-2021","1,324.20","1,350.75","1,367.00","1,314.00","4.49M","-1.08%"
"21-05-2021","1,338.70","1,359.90","1,400.00","1,310.20","6.67M","0.22%"
"20-05-2021","1,335.80","1,338.60","1,348.35","1,309.00","3.58M","0.73%"
"19-05-2021","1,326.15","1,326.90","1,355.00","1,307.40","2.90M","-1.01%"
"18-05-2021","1,339.70","1,314.00","1,351.50","1,305.05","3.91M","3.81%"
"17-05-2021","1,290.50","1,214.00","1,300.50","1,206.00","2.29M","8.16%"
"14-05-2021","1,193.10","1,325.00","1,330.00","1,182.15","3.40M","-9.16%"
"12-05-2021","1,313.45","1,344.00","1,350.00","1,306.05","1.48M","-1.58%"
"11-05-2021","1,334.55","1,305.00","1,390.00","1,303.05","1.45M","1.47%"
"10-05-2021","1,315.20","1,301.25","1,329.70","1,301.25","1.19M","0.37%"
"07-05-2021","1,310.30","1,314.00","1,337.90","1,300.00","1.03M","0.87%"
"06-05-2021","1,299.05","1,269.70","1,311.00","1,265.40","1.15M","2.71%"
"05-05-2021","1,264.75","1,291.25","1,298.90","1,235.00","1.16M","0.95%"
"04-05-2021","1,252.85","1,268.00","1,320.00","1,232.00","1.69M","1.26%"
"03-05-2021","1,237.20","1,135.00","1,253.00","1,120.20","1.99M","7.51%"
"30-04-2021","1,150.75","1,139.95","1,159.60","1,129.00","1.28M","0.27%"
"29-04-2021","1,147.70","1,169.90","1,169.90","1,135.15","1.00M","-0.63%"
"28-04-2021","1,154.95","1,169.65","1,180.00","1,151.80","1.43M","0.26%"
"27-04-2021","1,152.00","1,160.00","1,170.00","1,142.00","1.44M","-0.16%"
"26-04-2021","1,153.80","1,151.10","1,180.00","1,140.00","1.32M","-0.06%"
"23-04-2021","1,154.50","1,170.00","1,190.00","1,147.00","1.61M","-0.77%"
"22-04-2021","1,163.40","1,140.00","1,185.00","1,114.00","1.83M","0.81%"
"20-04-2021","1,154.00","1,175.00","1,214.00","1,133.20","2.15M","0.89%"
"19-04-2021","1,143.80","1,056.00","1,171.40","1,025.10","3.48M","0.80%"
"16-04-2021","1,134.70","1,145.80","1,167.00","1,120.00","2.55M","1.90%"
"15-04-2021","1,113.55","1,019.00","1,129.70","993.00","2.90M","7.19%"
"13-04-2021","1,038.90","996.00","1,060.00","950.00","2.48M","4.91%"
"12-04-2021","990.25","1,070.00","1,070.00","984.10","3.01M","-9.36%"
"09-04-2021","1,092.55","991.00","1,092.55","990.00","3.60M","10.00%"
"08-04-2021","993.25","1,096.00","1,100.00","993.25","3.36M","-10.00%"
"07-04-2021","1,103.60","1,206.50","1,208.90","1,085.55","4.17M","-8.50%"
"06-04-2021","1,206.15","1,192.90","1,249.95","1,180.50","3.46M","3.62%"
"05-04-2021","1,164.00","1,064.00","1,197.00","1,021.00","5.75M","9.74%"
"01-04-2021","1,060.65","985.00","1,087.80","964.50","3.58M","10.34%"
"31-03-2021","961.25","911.00","971.35","896.70","2.41M","5.53%"
"30-03-2021","910.90","924.40","925.00","885.00","1.42M","0.60%"
"26-03-2021","905.45","914.00","930.00","890.10","1.79M","2.69%"
"25-03-2021","881.75","943.40","954.25","864.00","2.38M","-3.77%"
"24-03-2021","916.25","925.00","965.00","896.45","3.17M","2.36%"
"23-03-2021","895.15","833.00","914.70","832.60","3.99M","9.28%"
"22-03-2021","819.10","745.45","852.00","745.45","4.32M","10.81%"
"19-03-2021","739.20","742.00","745.00","671.00","5.71M","-0.75%"
"18-03-2021","744.80","755.00","766.00","715.00","1.59M","0.11%"
"17-03-2021","744.00","747.00","778.95","740.00","1.87M","-0.48%"
"16-03-2021","747.60","755.85","755.85","742.00","1.38M","-0.20%"
"15-03-2021","749.10","754.00","758.70","742.00","1.92M","1.50%"
"12-03-2021","738.00","728.00","745.00","728.00","2.47M","2.82%"
"10-03-2021","717.75","710.00","725.00","685.10","1.73M","1.88%"
"09-03-2021","704.50","729.00","729.40","680.85","1.67M","-1.63%"
"08-03-2021","716.20","717.90","749.45","706.00","1.88M","2.26%"
"05-03-2021","700.35","698.00","724.70","677.05","2.83M","1.68%"
"04-03-2021","688.75","645.00","701.70","630.00","4.04M","3.92%"
"03-03-2021","662.75","588.00","689.15","584.00","7.90M","15.40%"
"02-03-2021","574.30","530.00","584.45","528.05","3.27M","9.30%"
"01-03-2021","525.45","523.30","529.45","516.50","1.10M","2.59%"
"26-02-2021","512.20","490.10","518.95","488.05","1.55M","2.36%"
"25-02-2021","500.40","504.00","508.25","495.10","1.19M","0.05%"
"24-02-2021","500.15","490.00","509.05","474.10","847.31K","2.91%"
"23-02-2021","486.00","507.00","508.45","478.00","899.93K","-2.40%"
"22-02-2021","497.95","502.50","510.20","490.00","1.71M","0.06%"
"19-02-2021","497.65","513.00","519.90","458.65","2.50M","-2.34%"
"18-02-2021","509.60","515.00","538.00","506.60","3.73M","-0.07%"
"17-02-2021","509.95","521.00","542.80","497.20","5.86M","2.61%"
"16-02-2021","497.00","441.00","508.90","437.00","9.00M","16.41%"
"15-02-2021","426.95","387.00","435.00","386.10","4.70M","11.61%"
"12-02-2021","382.55","381.50","383.40","378.25","1.22M","0.88%"
"11-02-2021","379.20","384.25","390.00","377.15","909.61K","-0.81%"
"10-02-2021","382.30","384.90","384.90","376.20","786.56K","-0.14%"
"09-02-2021","382.85","384.00","385.45","380.15","825.57K","0.04%"
"08-02-2021","382.70","385.75","388.65","380.55","968.93K","0.17%"
"05-02-2021","382.05","391.00","395.35","379.00","441.74K","-1.55%"
"04-02-2021","388.05","395.80","400.00","386.00","652.63K","-0.41%"
"03-02-2021","389.65","405.80","413.15","382.15","1.33M","-2.85%"
"02-02-2021","401.10","392.00","406.95","387.20","1.68M","3.08%"
"01-02-2021","389.10","385.25","391.20","381.05","2.01M","2.11%"
"29-01-2021","381.05","382.30","389.40","377.75","1.11M","0.46%"
"28-01-2021","379.30","377.95","382.20","363.40","1.13M","-0.21%"
"27-01-2021","380.10","375.00","385.00","371.75","1.43M","0.65%"
"25-01-2021","377.65","369.45","389.00","368.00","2.68M","3.86%"
"22-01-2021","363.60","356.75","365.00","348.50","929.78K","1.92%"
"21-01-2021","356.75","365.00","365.60","354.00","1.01M","-1.56%"
"20-01-2021","362.40","358.25","364.40","356.45","791.20K","1.03%"
"19-01-2021","358.70","349.95","360.85","349.30","903.53K","1.83%"
"18-01-2021","352.25","362.00","362.10","341.00","956.31K","-2.14%"
"15-01-2021","359.95","360.50","368.00","357.35","1.03M","-0.32%"
"14-01-2021","361.10","364.60","364.60","353.00","949.11K","-0.74%"
"13-01-2021","363.80","367.30","369.90","355.10","1.17M","-0.57%"
"12-01-2021","365.90","365.30","370.00","364.00","1.17M","0.18%"
"11-01-2021","365.25","372.00","373.50","361.50","1.29M","-1.11%"
"08-01-2021","369.35","371.45","374.50","367.00","1.13M","0.31%"
"07-01-2021","368.20","371.50","375.00","366.00","1.27M","-0.32%"
"06-01-2021","369.40","375.40","377.00","365.60","1.21M","-1.14%"
"05-01-2021","373.65","375.40","376.80","371.00","1.27M","-0.52%"
"04-01-2021","375.60","380.05","381.80","371.00","1.28M","-0.32%"
"01-01-2021","376.80","377.40","379.80","374.10","785.86K","0.32%"
"31-12-2020","375.60","380.10","384.40","373.55","1.08M","-1.26%"
"30-12-2020","380.40","377.00","389.65","369.50","3.64M","1.55%"
"29-12-2020","374.60","371.80","378.30","364.15","1.67M","1.55%"
"28-12-2020","368.90","370.10","377.65","365.00","2.62M","0.09%"
"24-12-2020","368.55","371.25","373.00","364.00","2.63M","-0.35%"
"23-12-2020","369.85","361.70","371.95","359.00","2.55M","3.15%"
"22-12-2020","358.55","327.00","361.80","315.00","2.55M","6.66%"
"21-12-2020","336.15","359.75","365.75","322.30","2.32M","-7.10%"
"18-12-2020","361.85","363.70","364.05","353.00","1.17M","-0.10%"
"17-12-2020","362.20","360.65","373.20","360.05","3.66M","0.93%"
"16-12-2020","358.85","356.50","361.25","355.15","1.30M","0.04%"
"15-12-2020","358.70","359.00","363.90","352.00","1.57M","-0.07%"
"14-12-2020","358.95","360.00","362.30","354.50","1.27M","0.07%"
"11-12-2020","358.70","355.20","363.40","351.25","2.05M","0.99%"
"10-12-2020","355.20","364.70","364.70","352.00","1.89M","-2.11%"
"09-12-2020","362.85","355.95","368.95","350.10","2.32M","2.15%"
"08-12-2020","355.20","362.65","364.35","353.00","2.37M","-1.50%"
"07-12-2020","360.60","362.10","374.30","358.05","3.20M","0.57%"
"04-12-2020","358.55","364.00","367.50","355.50","3.22M","-1.51%"
"03-12-2020","364.05","376.00","382.65","361.50","7.07M","-2.67%"
"02-12-2020","374.05","361.00","377.95","354.00","8.41M","3.63%"
"01-12-2020","360.95","358.90","371.80","350.00","8.80M","3.75%"
"27-11-2020","347.90","318.70","347.95","317.95","14.90M","9.97%"
"26-11-2020","316.35","323.50","324.25","311.95","2.64M","-2.63%"
"25-11-2020","324.90","341.60","341.60","320.00","3.55M","-4.09%"
"24-11-2020","338.75","348.80","350.95","337.50","2.21M","-1.71%"
"23-11-2020","344.65","358.00","365.75","340.95","4.88M","-0.17%"
"20-11-2020","345.25","333.90","361.50","325.20","11.80M","4.09%"
"19-11-2020","331.70","340.35","346.80","312.15","9.49M","-3.88%"
"18-11-2020","345.10","302.45","350.75","301.00","26.65M","18.06%"
"17-11-2020","292.30","246.25","293.60","242.55","15.14M","20.24%"
"13-11-2020","243.10","241.45","245.00","238.05","1.38M","1.06%"
"12-11-2020","240.55","235.00","242.65","233.25","2.04M","2.73%"
"11-11-2020","234.15","234.10","238.70","231.40","1.17M","-1.08%"
"10-11-2020","236.70","240.00","240.40","231.25","2.52M","-0.88%"
"09-11-2020","238.80","243.00","247.30","237.00","2.15M","-0.44%"
"06-11-2020","239.85","235.10","242.70","233.05","2.42M","1.87%"
"05-11-2020","235.45","234.00","236.65","227.60","2.43M","1.77%"
"04-11-2020","231.35","226.95","233.00","212.00","7.92M","3.77%"
"03-11-2020","222.95","221.00","228.45","220.05","3.41M","1.64%"
"02-11-2020","219.35","221.40","226.60","216.10","4.46M","-0.52%"
"30-10-2020","220.50","204.95","224.00","202.10","6.68M","7.90%"
"29-10-2020","204.35","199.30","206.35","190.10","2.29M","1.64%"
"28-10-2020","201.05","199.00","204.50","198.10","2.12M","1.87%"
"27-10-2020","197.35","192.50","198.40","192.50","1.21M","1.91%"
"26-10-2020","193.65","197.45","197.85","191.00","909.79K","-1.38%"
"23-10-2020","196.35","195.90","198.20","192.80","1.50M","0.77%"
"22-10-2020","194.85","192.90","195.35","192.00","754.81K","1.01%"
"21-10-2020","192.90","192.20","195.65","189.30","1.20M","0.89%"
"20-10-2020","191.20","186.25","192.00","184.65","1.42M","2.85%"
"19-10-2020","185.90","186.50","188.95","182.35","1.21M","0.68%"
"16-10-2020","184.65","182.55","185.95","181.10","618.61K","1.76%"
"15-10-2020","181.45","185.85","190.00","180.25","1.45M","-2.31%"
"14-10-2020","185.75","190.00","191.15","182.70","1.32M","-2.62%"
"13-10-2020","190.75","194.50","195.30","189.25","858.74K","-1.50%"
"12-10-2020","193.65","189.50","195.50","188.65","1.32M","2.68%"
"09-10-2020","188.60","191.40","191.95","188.00","772.11K","-0.95%"
"08-10-2020","190.40","196.50","196.80","190.00","1.14M","-2.86%"
"07-10-2020","196.00","199.75","200.00","193.80","1.29M","-2.39%"
"06-10-2020","200.80","201.00","203.30","198.10","1.94M","0.68%"
"05-10-2020","199.45","195.00","201.00","191.10","2.21M","3.15%"
"01-10-2020","193.35","192.95","194.55","191.10","936.94K","2.19%"
"30-09-2020","189.20","193.40","193.45","187.85","796.47K","-1.12%"
"29-09-2020","191.35","192.35","194.65","189.60","1.39M","0.60%"
"28-09-2020","190.20","186.00","192.60","184.40","1.25M","3.51%"
"25-09-2020","183.75","176.25","184.85","176.25","1.48M","4.85%"
"24-09-2020","175.25","183.50","183.80","174.25","1.53M","-5.98%"
"23-09-2020","186.40","191.00","194.50","181.50","1.78M","-1.09%"
"22-09-2020","188.45","187.70","190.00","176.95","2.47M","1.15%"
"21-09-2020","186.30","194.60","196.70","182.30","2.21M","-3.62%"
"18-09-2020","193.30","202.25","204.70","192.00","4.28M","-3.54%"
"17-09-2020","200.40","202.55","204.75","199.90","1.30M","-2.12%"
"16-09-2020","204.75","208.40","210.40","203.10","2.33M","-1.16%"
"15-09-2020","207.15","205.75","209.40","205.00","2.03M","1.42%"
"14-09-2020","204.25","209.75","215.00","202.10","4.58M","-1.50%"
"11-09-2020","207.35","207.80","210.40","202.10","3.56M","-0.46%"
"10-09-2020","208.30","200.85","210.90","200.20","8.10M","5.10%"
"09-09-2020","198.20","190.00","200.00","186.35","5.32M","3.74%"
"08-09-2020","191.05","196.15","197.35","190.10","1.96M","-1.95%"
"07-09-2020","194.85","189.95","196.50","188.25","2.77M","3.70%"
"04-09-2020","187.90","185.85","200.85","182.50","7.65M","-1.03%"
"03-09-2020","189.85","191.30","197.95","185.50","4.01M","-0.05%"
"02-09-2020","189.95","178.90","194.40","177.80","5.34M","7.20%"
"01-09-2020","177.20","171.70","178.50","168.25","1.59M","4.39%"
"31-08-2020","169.75","187.00","188.80","168.10","3.27M","-9.01%"
"28-08-2020","186.55","186.55","190.60","183.50","2.34M","0.92%"
"27-08-2020","184.85","187.90","190.55","183.10","1.91M","-0.70%"
"26-08-2020","186.15","184.80","196.50","182.25","6.57M","0.49%"
"25-08-2020","185.25","174.10","188.70","169.00","7.99M","8.24%"
"24-08-2020","171.15","167.00","173.40","166.00","2.55M","3.45%"
"21-08-2020","165.45","168.55","171.00","164.50","1.97M","-1.37%"
"20-08-2020","167.75","162.95","171.00","161.35","4.04M","3.10%"
"19-08-2020","162.70","162.00","165.60","162.00","1.20M","0.59%"
"18-08-2020","161.75","161.80","164.75","161.00","1.40M","0.50%"
"17-08-2020","160.95","158.90","164.90","158.65","2.39M","1.77%"
"14-08-2020","158.15","159.90","160.65","155.30","1.24M","-0.88%"
"13-08-2020","159.55","160.70","162.45","158.40","972.12K","-0.06%"
"12-08-2020","159.65","158.45","163.50","157.45","1.06M","0.50%"
"11-08-2020","158.85","164.70","165.50","158.20","998.80K","-2.67%"
"10-08-2020","163.20","163.00","168.00","162.00","2.62M","0.71%"
"07-08-2020","162.05","153.50","163.50","153.00","2.93M","5.64%"
"06-08-2020","153.40","154.40","156.70","152.55","1.50M","-3.22%"
"05-08-2020","158.50","160.35","162.30","156.25","1.58M","-0.44%"
"04-08-2020","159.20","157.45","162.40","154.35","2.58M","1.73%"
"03-08-2020","156.50","153.10","159.95","151.50","2.13M","1.79%"
"31-07-2020","153.75","152.50","155.60","150.80","1.04M","1.05%"
"30-07-2020","152.15","158.30","159.50","149.70","1.96M","-2.50%"
"29-07-2020","156.05","146.00","160.90","145.00","5.26M","6.81%"
"28-07-2020","146.10","145.60","147.80","143.10","698.71K","0.97%"
"27-07-2020","144.70","149.50","149.90","144.00","805.76K","-2.03%"
"24-07-2020","147.70","150.45","150.45","145.70","809.64K","-2.09%"
"23-07-2020","150.85","151.35","153.45","150.45","888.57K","0.23%"
"22-07-2020","150.50","152.50","155.00","148.50","1.44M","-0.56%"
"21-07-2020","151.35","154.95","156.30","150.35","986.35K","-1.59%"
"20-07-2020","153.80","148.45","154.85","147.75","1.45M","3.60%"
"17-07-2020","148.45","147.20","149.50","145.35","822.88K","1.89%"
"16-07-2020","145.70","149.50","149.90","143.30","846.43K","-2.15%"
"15-07-2020","148.90","150.45","153.75","148.05","1.04M","-0.03%"
"14-07-2020","148.95","153.85","153.85","148.00","1.21M","-3.18%"
"13-07-2020","153.85","152.65","157.50","152.00","1.37M","1.28%"
"10-07-2020","151.90","154.85","155.50","150.05","1.20M","-1.71%"
"09-07-2020","154.55","155.00","157.65","154.15","847.55K","0.13%"
"08-07-2020","154.35","157.70","160.50","154.00","1.06M","-2.09%"
"07-07-2020","157.65","161.00","161.55","157.00","1.29M","-2.05%"
"06-07-2020","160.95","162.65","164.65","160.15","1.43M","-0.25%"
"03-07-2020","161.35","164.35","166.55","160.15","1.68M","-1.53%"
"02-07-2020","163.85","160.80","167.10","160.00","2.94M","2.95%"
"01-07-2020","159.15","151.25","160.50","151.25","2.40M","4.29%"
"30-06-2020","152.60","157.80","161.80","151.40","2.03M","-3.02%"
"29-06-2020","157.35","164.65","164.85","155.50","2.61M","-5.13%"
"26-06-2020","165.85","173.00","176.65","163.00","4.88M","-2.95%"
"25-06-2020","170.90","163.00","176.30","156.60","11.35M","6.08%"
"24-06-2020","161.10","152.55","164.00","146.00","7.67M","6.72%"
"23-06-2020","150.95","150.70","153.85","149.50","3.12M","1.68%"
"22-06-2020","148.45","143.90","151.70","143.55","4.90M","4.29%"
"19-06-2020","142.35","136.70","143.65","136.00","4.67M","4.75%"
"18-06-2020","135.90","136.00","137.80","135.10","1.30M","0.33%"
"17-06-2020","135.45","135.20","138.45","134.25","1.58M","-0.84%"
"16-06-2020","136.60","139.00","142.20","132.50","4.37M","-0.26%"
"15-06-2020","136.95","133.35","139.90","132.70","2.81M","3.40%"
"12-06-2020","132.45","127.30","133.20","126.40","2.05M","-1.16%"
"11-06-2020","134.00","134.60","139.45","133.15","2.53M","-0.41%"
"10-06-2020","134.55","133.70","136.25","133.25","1.21M","1.17%"
"09-06-2020","133.00","134.35","136.20","132.35","1.71M","-0.86%"
"08-06-2020","134.15","137.00","141.75","133.10","2.76M","-0.67%"
"05-06-2020","135.05","135.40","136.80","133.00","1.96M","0.71%"
"04-06-2020","134.10","137.10","140.50","132.20","3.57M","-1.36%"
"03-06-2020","135.95","128.80","143.90","128.50","17.98M","9.55%"
"02-06-2020","124.10","118.00","126.90","117.60","5.30M","5.80%"
"01-06-2020","117.30","119.60","121.00","116.70","2.03M","-0.13%"
"29-05-2020","117.45","114.75","121.40","114.00","3.01M","2.26%"
"28-05-2020","114.85","115.20","117.50","114.15","1.42M","0.09%"
"27-05-2020","114.75","115.25","116.65","113.00","1.29M","0.09%"
"26-05-2020","114.65","117.25","119.20","113.60","2.48M","-0.91%"
"22-05-2020","115.70","112.00","118.65","111.40","4.41M","3.17%"
"21-05-2020","112.15","106.35","114.75","105.55","4.65M","5.45%"
"20-05-2020","106.35","107.00","107.65","105.50","903.25K","0.00%"
"19-05-2020","106.35","103.45","108.20","102.60","2.66M","4.68%"
"18-05-2020","101.60","108.50","108.50","101.10","1.13M","-5.44%"
"15-05-2020","107.45","108.00","109.80","106.50","1.70M","1.03%"
"14-05-2020","106.35","105.30","108.45","104.50","1.36M","0.33%"
"13-05-2020","106.00","108.00","109.00","105.40","1.11M","1.34%"
"12-05-2020","104.60","104.45","106.50","102.50","1.32M","-1.74%"
"11-05-2020","106.45","108.70","111.35","105.55","2.71M","-0.79%"
"08-05-2020","107.30","106.70","114.00","104.50","11.37M","2.83%"
"07-05-2020","104.35","100.10","105.35","99.35","3.33M","4.66%"
"06-05-2020","99.70","97.90","100.80","96.60","1.91M","2.41%"
"05-05-2020","97.35","101.80","102.70","96.90","1.85M","-2.45%"
"04-05-2020","99.80","100.25","101.90","99.05","3.58M","-5.27%"
"30-04-2020","105.35","107.10","108.90","104.55","1.99M","-0.47%"
"29-04-2020","105.85","104.90","107.90","104.50","2.74M","1.68%"
"28-04-2020","104.10","98.95","107.20","98.60","6.10M","5.69%"
"27-04-2020","98.50","97.50","99.80","97.50","604.36K","1.29%"
"24-04-2020","97.25","98.00","101.20","97.00","900.44K","-1.92%"
"23-04-2020","99.15","99.00","101.70","98.60","1.03M","1.17%"
"22-04-2020","98.00","98.50","99.50","96.20","1.43M","-1.36%"
"21-04-2020","99.35","104.00","104.00","98.00","1.83M","-6.71%"
"20-04-2020","106.50","104.70","109.90","102.90","5.45M","2.65%"
"17-04-2020","103.75","102.00","106.75","99.15","3.53M","4.90%"
"16-04-2020","98.90","96.05","100.00","95.30","1.41M","2.28%"
"15-04-2020","96.70","94.40","103.40","92.55","5.07M","3.98%"
"13-04-2020","93.00","93.50","93.90","90.40","1.26M","0.32%"
"09-04-2020","92.70","92.95","96.70","92.20","2.45M","2.09%"
"08-04-2020","90.80","93.90","96.35","90.50","1.89M","-3.40%"
"07-04-2020","94.00","93.85","95.65","91.60","1.15M","4.04%"
"03-04-2020","90.35","89.90","92.00","88.95","894.97K","1.52%"
"01-04-2020","89.00","86.90","91.20","85.00","922.47K","3.07%"
"31-03-2020","86.35","84.65","89.00","84.65","844.67K","3.17%"
"30-03-2020","83.70","86.75","86.75","82.80","745.09K","-5.42%"
"27-03-2020","88.50","95.25","95.75","87.30","1.29M","-2.37%"
"26-03-2020","90.65","84.25","92.25","82.40","2.22M","7.72%"
"25-03-2020","84.15","80.00","86.40","76.60","1.24M","2.94%"
"24-03-2020","81.75","91.00","93.05","80.30","1.36M","-8.35%"
"23-03-2020","89.20","89.20","94.90","89.20","512.76K","-9.99%"
"20-03-2020","99.10","100.10","103.10","96.00","1.54M","0.25%"
"19-03-2020","98.85","99.70","103.40","95.65","1.74M","-4.63%"
"18-03-2020","103.65","109.70","112.70","99.40","1.54M","-3.63%"
"17-03-2020","107.55","103.85","111.50","102.00","2.55M","3.71%"
"16-03-2020","103.70","99.30","117.00","97.80","3.58M","-1.94%"
"13-03-2020","105.75","86.50","108.70","84.55","4.10M","6.87%"
"12-03-2020","98.95","110.00","113.70","95.85","5.12M","-17.40%"
"11-03-2020","119.80","120.00","126.00","118.20","1.82M","-0.33%"
"09-03-2020","120.20","120.85","123.85","115.50","2.39M","-5.50%"
"06-03-2020","127.20","124.00","128.75","121.00","1.71M","-3.12%"
"05-03-2020","131.30","131.00","135.60","127.00","2.70M","0.69%"
"04-03-2020","130.40","134.25","134.85","126.35","2.33M","-2.87%"
"03-03-2020","134.25","136.10","139.00","130.80","3.64M","0.41%"
"02-03-2020","133.70","140.30","146.40","130.55","5.58M","-0.26%"
"28-02-2020","134.05","137.50","139.95","125.30","31.90M","-8.96%"
"27-02-2020","147.25","150.00","152.00","143.60","2.32M","-1.17%"
"26-02-2020","149.00","152.90","159.70","148.10","4.32M","-3.65%"
"25-02-2020","154.65","165.70","166.50","153.50","4.54M","-6.07%"
"24-02-2020","164.65","189.95","193.00","163.05","7.76M","-10.93%"
"20-02-2020","184.85","164.80","194.50","163.00","6.39M","12.47%"
"19-02-2020","164.35","165.45","166.40","164.00","303.35K","0.06%"
"18-02-2020","164.25","165.50","167.40","163.15","585.43K","-1.08%"
"17-02-2020","166.05","165.80","169.50","163.25","1.19M","0.64%"
"14-02-2020","165.00","167.75","168.50","164.00","539.90K","-1.52%"
"13-02-2020","167.55","169.00","169.70","166.45","476.20K","-0.62%"
"12-02-2020","168.60","169.85","170.95","166.80","579.30K","-0.47%"
"11-02-2020","169.40","172.20","172.50","169.00","576.49K","-1.02%"
"10-02-2020","171.15","172.80","173.65","170.10","574.22K","-0.35%"
"07-02-2020","171.75","170.00","174.95","170.00","1.24M","0.79%"
"06-02-2020","170.40","174.35","174.45","169.05","872.85K","-1.33%"
"05-02-2020","172.70","168.30","176.60","167.50","2.62M","3.32%"
"04-02-2020","167.15","166.80","169.00","166.20","741.38K","1.21%"
"03-02-2020","165.15","165.20","168.90","164.25","794.04K","-0.03%"
"01-02-2020","165.20","165.95","171.80","164.40","1.24M","-0.72%"
"31-01-2020","166.40","168.80","171.00","165.70","912.14K","-0.21%"
"30-01-2020","166.75","170.40","171.15","165.55","652.69K","-1.85%"
"29-01-2020","169.90","171.90","174.45","168.50","992.35K","-0.15%"
"28-01-2020","170.15","175.00","176.00","168.25","946.34K","-2.16%"
"27-01-2020","173.90","173.65","179.45","172.00","2.66M","-0.77%"
"24-01-2020","175.25","155.00","177.50","148.75","14.81M","1.36%"
"23-01-2020","172.90","167.30","174.80","166.55","1.94M","3.63%"
"22-01-2020","166.85","170.70","171.45","165.25","710.30K","-1.74%"
"21-01-2020","169.80","171.35","172.55","169.20","646.30K","-1.31%"
"20-01-2020","172.05","175.90","176.95","171.35","983.26K","-1.49%"
"17-01-2020","174.65","172.50","178.45","171.65","2.36M","0.29%"
"16-01-2020","174.15","175.95","178.40","173.25","1.54M","-0.43%"
"15-01-2020","174.90","171.00","177.70","170.65","3.82M","3.34%"
"14-01-2020","169.25","168.55","171.50","166.45","1.18M","0.74%"
"13-01-2020","168.00","165.00","169.95","165.00","1.37M","2.28%"
"10-01-2020","164.25","170.70","171.00","163.00","1.48M","-3.15%"
"09-01-2020","169.60","172.50","174.90","168.90","1.69M","0.80%"
"08-01-2020","168.25","167.30","173.00","165.80","2.11M","-1.67%"
"07-01-2020","171.10","165.80","173.00","165.80","3.70M","4.78%"
"06-01-2020","163.30","173.00","173.35","157.00","3.24M","-6.42%"
"03-01-2020","174.50","177.00","182.00","172.30","3.42M","-3.03%"
"02-01-2020","179.95","178.35","185.60","177.20","8.01M","1.75%"
"01-01-2020","176.85","163.40","179.70","160.40","7.80M","8.70%"
"31-12-2019","162.70","155.45","164.40","155.15","3.90M","4.43%"
"30-12-2019","155.80","156.00","156.90","154.05","866.72K","0.06%"
"27-12-2019","155.70","155.65","158.50","153.95","1.05M","0.45%"
"26-12-2019","155.00","156.20","159.95","154.10","2.04M","-1.31%"
"24-12-2019","157.05","150.15","158.70","150.15","3.88M","4.67%"
"23-12-2019","150.05","150.70","150.85","148.75","551.70K","-0.63%"
"20-12-2019","151.00","151.10","152.90","151.00","879.70K","-0.07%"
"19-12-2019","151.10","150.60","151.50","150.45","374.91K","0.23%"
"18-12-2019","150.75","151.00","151.90","150.50","380.43K","0.07%"
"17-12-2019","150.65","152.00","152.55","150.40","562.42K","-0.63%"
"16-12-2019","151.60","151.25","153.75","151.25","627.13K","0.03%"
"13-12-2019","151.55","152.00","153.40","151.10","542.84K","-0.23%"
"12-12-2019","151.90","152.90","154.45","151.40","654.16K","-0.07%"
"11-12-2019","152.00","154.05","155.50","151.05","825.70K","-0.85%"
"10-12-2019","153.30","151.20","157.65","151.20","1.69M","1.73%"
"09-12-2019","150.70","151.00","153.35","150.00","891.40K","0.03%"
"06-12-2019","150.65","152.30","155.25","150.00","1.30M","-1.05%"
"05-12-2019","152.25","156.60","156.70","151.50","754.54K","-2.40%"
"04-12-2019","156.00","153.40","158.45","151.80","1.56M","0.48%"
"03-12-2019","155.25","164.00","164.90","153.95","1.70M","-5.42%"
"02-12-2019","164.15","161.50","167.70","158.15","3.95M","1.74%"
"29-11-2019","161.35","150.50","168.70","149.10","10.41M","7.96%"
"28-11-2019","149.45","146.90","151.95","146.70","2.98M","1.87%"
"27-11-2019","146.70","146.10","147.20","146.10","312.92K","0.34%"
"26-11-2019","146.20","147.50","147.90","146.05","507.18K","-0.75%"
"25-11-2019","147.30","146.25","148.20","146.25","619.42K","0.72%"
"22-11-2019","146.25","146.90","147.40","145.95","709.47K","-0.03%"
"21-11-2019","146.30","146.60","147.40","146.15","437.97K","-0.17%"
"20-11-2019","146.55","146.15","148.40","146.15","527.16K","0.07%"
"19-11-2019","146.45","146.35","147.75","146.20","337.63K","0.07%"
"18-11-2019","146.35","146.80","147.00","146.15","316.18K","-0.14%"
"15-11-2019","146.55","147.50","147.85","146.05","498.92K","-0.58%"
"14-11-2019","147.40","148.90","148.90","147.15","546.43K","-0.67%"
"13-11-2019","148.40","148.70","151.40","148.20","1.86M","0.27%"
"11-11-2019","148.00","147.30","148.50","146.60","616.05K","0.82%"
"08-11-2019","146.80","147.45","148.70","146.60","557.65K","-0.37%"
"07-11-2019","147.35","147.95","148.70","147.10","385.60K","-0.24%"
"06-11-2019","147.70","147.20","149.15","146.70","918.48K","0.65%"
"05-11-2019","146.75","148.05","148.85","146.50","458.79K","-0.78%"
"04-11-2019","147.90","146.60","148.90","146.60","806.63K","0.72%"
"01-11-2019","146.85","147.45","148.40","146.80","381.93K","-0.17%"
"31-10-2019","147.10","147.05","149.05","146.90","702.05K","0.14%"
"30-10-2019","146.90","148.50","150.40","146.60","1.31M","-0.68%"
"29-10-2019","147.90","149.00","151.70","147.00","1.02M","-0.30%"
"27-10-2019","148.35","148.35","148.35","148.35","","1.09%"
"25-10-2019","146.75","145.80","149.45","144.75","712.62K","0.72%"
"24-10-2019","145.70","147.80","148.35","145.05","806.14K","-0.92%"
"23-10-2019","147.05","149.10","149.55","146.75","583.13K","-0.94%"
"22-10-2019","148.45","149.50","152.85","148.10","698.92K","-1.69%"
"18-10-2019","151.00","149.80","153.45","149.60","1.21M","1.48%"
"17-10-2019","148.80","146.20","153.55","146.05","1.79M","0.27%"
"16-10-2019","148.40","152.10","152.30","148.00","729.49K","-2.08%"
"15-10-2019","151.55","154.80","155.70","150.10","1.82M","0.53%"
"14-10-2019","150.75","163.00","163.00","148.80","7.05M","9.52%"
"11-10-2019","137.65","139.05","142.00","137.10","699.22K","-0.61%"
"10-10-2019","138.50","138.00","142.95","136.80","1.89M","1.80%"
"09-10-2019","136.05","131.55","138.40","131.30","1.71M","4.57%"
"07-10-2019","130.10","127.90","131.95","127.70","402.37K","1.76%"
"04-10-2019","127.85","129.80","131.40","127.40","349.32K","-0.62%"
"03-10-2019","128.65","130.00","132.90","128.10","401.74K","-1.34%"
"01-10-2019","130.40","130.90","136.40","128.55","971.01K","0.93%"
"30-09-2019","129.20","132.50","133.55","128.70","630.39K","-2.49%"
"27-09-2019","132.50","133.00","136.00","131.90","456.00K","-0.15%"
"26-09-2019","132.70","132.40","137.30","130.20","1.03M","0.95%"
"25-09-2019","131.45","134.00","135.60","131.05","420.53K","-1.24%"
"24-09-2019","133.10","133.05","136.90","131.75","491.53K","-1.66%"
"23-09-2019","135.35","137.70","140.00","134.10","497.13K","1.50%"
"20-09-2019","133.35","136.90","138.00","128.10","1.88M","-1.40%"
"19-09-2019","135.25","139.35","139.90","133.75","246.62K","-2.24%"
"18-09-2019","138.35","140.95","141.50","138.00","227.49K","-0.82%"
"17-09-2019","139.50","141.85","143.80","138.35","426.88K","-0.92%"
"16-09-2019","140.80","142.50","144.40","140.50","714.13K","-1.71%"
"13-09-2019","143.25","140.05","144.80","138.60","1.50M","3.77%"
"12-09-2019","138.05","138.50","140.05","137.05","297.37K","0.40%"
"11-09-2019","137.50","133.30","141.90","133.30","853.05K","2.00%"
"09-09-2019","134.80","138.00","138.00","133.60","639.23K","-1.93%"
"06-09-2019","137.45","136.85","138.95","135.80","325.89K","0.22%"
"05-09-2019","137.15","136.60","139.50","136.15","351.95K","0.88%"
"04-09-2019","135.95","139.00","140.25","135.50","294.19K","-2.33%"
"03-09-2019","139.20","139.90","142.95","137.10","339.96K","-0.89%"
"30-08-2019","140.45","143.45","144.40","139.00","606.03K","-2.36%"
"29-08-2019","143.85","146.50","147.20","143.25","158.97K","-2.21%"
"28-08-2019","147.10","148.80","149.90","146.05","232.97K","-0.74%"
"27-08-2019","148.20","148.40","151.00","147.20","552.02K","0.14%"
"26-08-2019","148.00","150.00","151.45","143.70","320.65K","0.95%"
"23-08-2019","146.60","142.55","148.70","141.00","353.16K","0.21%"
"22-08-2019","146.30","152.10","153.00","145.35","289.22K","-3.81%"
"21-08-2019","152.10","155.00","157.65","150.50","384.15K","-1.97%"
"20-08-2019","155.15","153.10","159.45","152.65","490.95K","1.54%"
"19-08-2019","152.80","153.30","154.65","151.50","234.60K","-0.23%"
"16-08-2019","153.15","153.60","154.85","151.45","275.74K","-0.20%"
"14-08-2019","153.45","154.50","156.60","151.55","310.91K","0.49%"
"13-08-2019","152.70","157.55","157.95","151.50","352.16K","-3.14%"
"09-08-2019","157.65","161.80","162.90","156.45","496.46K","-1.96%"
"08-08-2019","160.80","162.95","166.90","158.60","1.35M","2.45%"
"07-08-2019","156.95","155.05","163.95","154.50","901.03K","1.55%"
"06-08-2019","154.55","149.95","155.75","149.30","415.64K","3.31%"
"05-08-2019","149.60","151.05","151.95","147.00","489.05K","-2.79%"
"02-08-2019","153.90","151.10","157.75","150.00","527.33K","0.75%"
"01-08-2019","152.75","149.65","155.80","149.65","610.16K","-0.20%"
"31-07-2019","153.05","158.10","161.60","148.55","569.73K","-2.86%"
"30-07-2019","157.55","160.70","161.45","154.40","320.82K","-1.35%"
"29-07-2019","159.70","161.10","161.55","158.20","267.94K","-0.71%"
"26-07-2019","160.85","161.90","162.90","159.15","274.78K","0.31%"
"25-07-2019","160.35","162.75","164.50","158.55","278.89K","-0.59%"
"24-07-2019","161.30","163.60","164.75","159.60","346.28K","-1.35%"
"23-07-2019","163.50","165.75","166.90","161.50","272.94K","-0.67%"
"22-07-2019","164.60","162.40","167.60","158.90","438.20K","0.21%"
"19-07-2019","164.25","170.10","171.90","163.50","540.40K","-3.35%"
"18-07-2019","169.95","174.85","174.85","169.00","499.92K","-3.16%"
"17-07-2019","175.50","174.00","181.00","173.75","2.39M","1.95%"
"16-07-2019","172.15","163.90","177.75","161.05","1.77M","5.52%"
"15-07-2019","163.15","163.00","164.85","160.30","235.99K","-0.03%"
"12-07-2019","163.20","164.05","166.30","163.10","277.76K","-0.43%"
"11-07-2019","163.90","164.65","165.30","163.10","165.98K","0.40%"
"10-07-2019","163.25","165.15","166.70","163.10","383.52K","-0.70%"
"09-07-2019","164.40","163.35","167.40","158.60","863.25K","0.58%"
"08-07-2019","163.45","166.00","166.20","163.10","327.22K","-2.33%"
"05-07-2019","167.35","174.90","175.40","166.20","469.79K","-3.88%"
"04-07-2019","174.10","175.00","177.50","173.55","473.31K","-0.09%"
"03-07-2019","174.25","174.70","178.65","173.25","631.99K","-0.74%"
"02-07-2019","175.55","172.90","180.70","171.75","1.58M","2.06%"
"01-07-2019","172.00","169.80","174.65","168.50","743.79K","1.12%"
"28-06-2019","170.10","169.30","171.25","168.00","868.77K","1.58%"
"27-06-2019","167.45","162.55","170.90","162.55","983.39K","3.20%"
"26-06-2019","162.25","160.80","165.00","160.10","554.21K","0.03%"
"25-06-2019","162.20","159.35","166.25","155.90","826.01K","2.21%"
"24-06-2019","158.70","160.60","162.50","157.55","275.11K","-0.47%"
"21-06-2019","159.45","158.35","162.85","156.50","683.08K","0.69%"
"20-06-2019","158.35","157.60","160.50","155.40","676.64K","-1.95%"
"19-06-2019","161.50","166.10","168.35","157.50","699.96K","-2.36%"
"18-06-2019","165.40","167.35","169.00","164.60","405.25K","-1.17%"
"17-06-2019","167.35","174.00","174.80","166.70","498.59K","-3.79%"
"14-06-2019","173.95","175.50","180.00","173.05","2.44M","3.08%"
"13-06-2019","168.75","169.95","171.95","166.40","461.18K","-0.50%"
"12-06-2019","169.60","166.50","172.30","164.65","1.09M","1.98%"
"11-06-2019","166.30","171.60","171.70","165.70","461.66K","-2.55%"
"10-06-2019","170.65","171.60","173.55","169.50","586.00K","0.44%"
"07-06-2019","169.90","171.00","174.00","168.10","1.04M","-0.26%"
"06-06-2019","170.35","179.90","179.90","166.80","1.88M","-6.25%"
"04-06-2019","181.70","179.10","184.15","177.90","2.40M","1.71%"
"03-06-2019","178.65","167.00","180.25","166.65","4.94M","8.37%"
"31-05-2019","164.85","170.00","172.80","164.25","1.27M","-3.68%"
"30-05-2019","171.15","167.95","172.70","164.00","2.43M","2.03%"
"29-05-2019","167.75","162.60","174.50","160.10","6.10M","2.76%"
"28-05-2019","163.25","146.00","165.40","141.60","7.67M","13.96%"
"27-05-2019","143.25","137.00","147.45","136.50","2.74M","5.33%"
"24-05-2019","136.00","137.90","138.90","132.90","538.70K","0.11%"
"23-05-2019","135.85","140.00","145.90","133.50","2.30M","1.61%"
"22-05-2019","133.70","131.95","134.00","130.00","766.83K","1.87%"
"21-05-2019","131.25","131.85","134.10","129.10","832.16K","0.73%"
"20-05-2019","130.30","130.00","132.90","126.15","1.91M","12.77%"
"17-05-2019","115.55","115.05","117.90","114.05","478.07K","0.65%"
"16-05-2019","114.80","119.00","119.90","113.05","419.32K","-3.49%"
"15-05-2019","118.95","119.15","122.25","117.85","469.93K","0.85%"
"14-05-2019","117.95","119.55","122.00","113.20","835.59K","-4.26%"
"13-05-2019","123.20","131.40","135.40","121.00","532.40K","-5.99%"
"10-05-2019","131.05","133.30","134.40","130.45","232.54K","-0.91%"
"09-05-2019","132.25","134.70","134.80","131.10","380.93K","0.99%"
"08-05-2019","130.95","133.05","134.70","128.85","309.51K","-2.86%"
"07-05-2019","134.80","130.55","137.40","130.50","904.52K","3.89%"
"06-05-2019","129.75","131.20","132.90","129.45","309.54K","-2.26%"
"03-05-2019","132.75","131.70","134.35","131.55","274.70K","1.18%"
"02-05-2019","131.20","132.00","136.10","130.20","662.22K","-2.09%"
"30-04-2019","134.00","143.00","147.00","130.60","804.45K","-6.46%"
"26-04-2019","143.25","147.10","147.80","142.30","293.72K","-1.98%"
"25-04-2019","146.15","152.45","152.65","145.20","499.13K","-3.34%"
"24-04-2019","151.20","149.60","153.80","149.00","988.45K","2.44%"
"23-04-2019","147.60","146.40","151.45","146.00","1.01M","1.44%"
"22-04-2019","145.50","139.70","152.30","138.55","2.63M","3.12%"
"18-04-2019","141.10","141.85","146.50","132.45","2.28M","-0.39%"
"16-04-2019","141.65","130.70","144.75","130.30","3.18M","8.92%"
"15-04-2019","130.05","130.85","132.20","129.60","298.26K","-0.08%"
"12-04-2019","130.15","130.50","132.30","129.75","230.30K","-0.15%"
"11-04-2019","130.35","129.95","132.30","128.15","388.57K","0.42%"
"10-04-2019","129.80","131.20","133.45","129.25","338.99K","-1.14%"
"09-04-2019","131.30","133.20","133.45","129.30","309.00K","-1.32%"
"08-04-2019","133.05","130.70","137.00","130.00","1.11M","2.27%"
"05-04-2019","130.10","132.60","133.00","129.10","313.70K","-0.57%"
"04-04-2019","130.85","128.90","134.00","128.45","501.35K","1.83%"
"03-04-2019","128.50","132.30","133.60","128.10","415.79K","-2.87%"
"02-04-2019","132.30","133.55","137.40","128.80","1.78M","-0.90%"
"01-04-2019","133.50","129.50","137.50","129.00","1.02M","3.73%"
"29-03-2019","128.70","117.75","135.50","116.55","3.15M","10.09%"
"28-03-2019","116.90","116.00","117.50","115.35","123.59K","1.21%"
"27-03-2019","115.50","116.15","118.40","115.00","273.63K","-0.56%"
"26-03-2019","116.15","115.65","116.75","114.75","153.24K","0.69%"
"25-03-2019","115.35","115.20","116.50","113.30","225.45K","-0.73%"
"22-03-2019","116.20","116.85","117.80","115.15","389.29K","-0.39%"
"20-03-2019","116.65","117.80","117.90","116.00","204.85K","-1.14%"
"19-03-2019","118.00","117.20","119.00","116.10","285.00K","1.07%"
"18-03-2019","116.75","116.40","119.25","116.00","244.88K","0.21%"
"15-03-2019","116.50","117.00","118.00","116.00","659.52K","-0.60%"
"14-03-2019","117.20","118.65","118.90","115.60","643.63K","-1.31%"
"13-03-2019","118.75","120.00","120.00","118.10","468.42K","-1.08%"
"12-03-2019","120.05","118.45","122.20","117.50","1.55M","2.39%"
"11-03-2019","117.25","115.75","118.80","115.50","669.36K","2.18%"
"08-03-2019","114.75","115.20","116.00","113.50","463.36K","-0.39%"
"07-03-2019","115.20","113.55","117.70","113.10","1.02M","1.86%"
"06-03-2019","113.10","111.40","114.00","100.60","1.10M","2.21%"
"05-03-2019","110.65","105.10","114.70","105.10","2.05M","4.39%"
"01-03-2019","106.00","102.10","108.90","102.10","1.27M","3.92%"
"28-02-2019","102.00","100.75","102.55","99.75","464.22K","2.20%"
"27-02-2019","99.80","102.00","103.45","97.20","548.38K","-0.75%"
"26-02-2019","100.55","99.50","101.40","96.15","581.12K","-0.25%"
"25-02-2019","100.80","102.20","103.90","100.25","344.98K","-1.37%"
"22-02-2019","102.20","99.35","103.00","98.25","932.31K","3.49%"
"21-02-2019","98.75","96.55","99.90","95.85","426.18K","3.13%"
"20-02-2019","95.75","95.40","97.45","94.00","414.98K","0.68%"
"19-02-2019","95.10","95.30","96.35","94.35","316.21K","-0.37%"
"18-02-2019","95.45","96.00","97.15","94.20","343.65K","-1.50%"
"15-02-2019","96.90","96.55","97.50","94.60","358.06K","0.73%"
"14-02-2019","96.20","98.00","98.00","94.25","389.71K","-1.54%"
"13-02-2019","97.70","94.05","99.05","94.05","992.89K","3.94%"
"12-02-2019","94.00","94.80","95.75","93.55","178.25K","-0.84%"
"11-02-2019","94.80","94.05","96.75","94.00","239.32K","-0.68%"
"08-02-2019","95.45","98.00","98.70","94.80","252.82K","-2.50%"
"07-02-2019","97.90","97.20","103.40","97.10","798.77K","1.56%"
"06-02-2019","96.40","97.40","97.90","92.90","383.89K","0.05%"
"05-02-2019","96.35","95.15","98.00","94.05","879.13K","0.36%"
"04-02-2019","96.00","92.90","97.20","84.00","1.26M","3.84%"
"01-02-2019","92.45","92.05","93.30","92.00","285.64K","0.00%"
"31-01-2019","92.45","95.30","96.00","91.00","572.23K","-2.38%"
"30-01-2019","94.70","95.70","96.70","94.05","455.52K","1.12%"
"29-01-2019","93.65","89.90","96.40","88.90","1.67M","5.76%"
"28-01-2019","88.55","97.95","97.95","88.30","1.19M","-9.73%"
"25-01-2019","98.10","98.70","99.50","93.45","1.10M","-1.36%"
"24-01-2019","99.45","97.25","100.00","95.95","715.97K","2.74%"
"23-01-2019","96.80","96.90","97.45","95.80","323.34K","-0.10%"
"22-01-2019","96.90","97.75","98.40","95.30","462.22K","-0.87%"
"21-01-2019","97.75","98.80","98.80","97.00","440.89K","-0.86%"
"18-01-2019","98.60","99.10","99.50","97.00","378.27K","0.10%"
"17-01-2019","98.50","99.50","101.00","97.80","509.92K","-0.56%"
"16-01-2019","99.05","98.50","100.40","98.20","363.37K","0.66%"
"15-01-2019","98.40","98.70","99.20","97.75","341.36K","0.36%"
"14-01-2019","98.05","99.05","100.20","97.50","457.53K","-0.96%"
"11-01-2019","99.00","100.50","101.60","98.35","533.12K","-1.39%"
"10-01-2019","100.40","101.45","101.70","99.75","336.97K","-0.84%"
"09-01-2019","101.25","101.50","102.75","99.90","563.96K","0.15%"
"08-01-2019","101.10","101.65","101.90","100.25","385.59K","-0.54%"
"07-01-2019","101.65","101.50","103.00","100.50","787.98K","0.79%"
"04-01-2019","100.85","101.00","101.75","99.85","360.52K","0.00%"
"03-01-2019","100.85","102.30","103.20","100.75","560.74K","0.40%"
"02-01-2019","100.45","101.25","102.55","99.40","379.63K","-1.37%"
"01-01-2019","101.85","101.25","103.50","100.55","501.67K","1.04%"
"31-12-2018","100.80","101.50","102.40","100.10","394.32K","-0.40%"
"28-12-2018","101.20","100.65","102.75","100.35","618.92K","1.10%"
"27-12-2018","100.10","101.25","102.30","99.65","455.90K","-0.40%"
"26-12-2018","100.50","97.85","103.20","96.50","1.30M","2.24%"
"24-12-2018","98.30","100.70","101.15","98.05","415.12K","-1.35%"
"21-12-2018","99.65","103.65","103.90","99.40","763.82K","-3.06%"
"20-12-2018","102.80","102.05","104.75","101.55","657.14K","-0.19%"
"19-12-2018","103.00","108.45","108.45","102.55","1.11M","-3.06%"
"18-12-2018","106.25","99.10","108.40","98.40","3.13M","6.57%"
"17-12-2018","99.70","99.55","100.80","98.75","584.09K","0.86%"
"14-12-2018","98.85","99.75","100.80","98.10","513.49K","-0.10%"
"13-12-2018","98.95","99.60","101.90","98.50","966.52K","0.92%"
"12-12-2018","98.05","97.70","101.95","97.50","1.14M","1.98%"
"11-12-2018","96.15","91.00","98.70","91.00","1.52M","1.37%"
"10-12-2018","94.85","95.10","98.00","94.00","965.26K","-5.29%"
"07-12-2018","100.15","105.00","108.50","99.25","1.67M","-3.98%"
"06-12-2018","104.30","103.95","110.70","103.15","4.18M","-1.00%"
"05-12-2018","105.35","95.15","105.80","94.20","6.79M","9.51%"
"04-12-2018","96.20","97.50","97.85","95.20","1.04M","-1.33%"
"03-12-2018","97.50","99.00","99.75","96.30","1.07M","-1.27%"
"30-11-2018","98.75","99.10","101.40","97.65","1.75M","-0.70%"
"29-11-2018","99.45","99.90","101.70","98.10","2.01M","0.45%"
"28-11-2018","99.00","101.45","102.60","94.10","4.52M","-2.03%"
"27-11-2018","101.05","100.50","105.25","98.25","4.65M","-2.93%"
"26-11-2018","104.10","114.10","114.70","102.00","7.82M","-6.68%"
"22-11-2018","111.55","106.55","115.40","105.00","17.59M","14.94%"
"21-11-2018","97.05","81.90","97.05","81.70","7.79M","19.96%"
"20-11-2018","80.90","81.00","88.50","80.10","3.82M","3.98%"
"19-11-2018","77.80","78.45","78.95","77.20","1.33M","-1.33%"
"16-11-2018","78.85","79.40","79.75","77.50","445.03K","-0.69%"
"15-11-2018","79.40","79.00","80.00","75.50","662.63K","1.40%"
"14-11-2018","78.30","77.05","78.65","75.50","640.67K","1.75%"
"13-11-2018","76.95","72.50","78.00","72.50","915.11K","1.25%"
"12-11-2018","76.00","79.80","79.80","76.00","1.49M","-4.94%"
"09-11-2018","79.95","84.00","84.00","77.25","1.93M","-1.66%"
"07-11-2018","81.30","79.40","82.00","78.50","488.99K","4.10%"
"06-11-2018","78.10","77.00","79.35","75.70","2.53M","3.31%"